mpa_segment_id,mpa_platform,mpa_taxonomy_type,mpa_segment_path,mpa_segment_name,mpa_parent_path,mpa_tier,mpa_vertical_relevance,mpa_reach_tier,mpa_last_verified
META-INT-001,META,INTERESTS,Interests > Business and Industry,Business and Industry,Interests,1,"B2B,TECHNOLOGY",HIGH,2025-01-01
META-INT-002,META,INTERESTS,Interests > Business and Industry > Advertising,Advertising,Interests > Business and Industry,2,"B2B,TECHNOLOGY",MEDIUM,2025-01-01
META-INT-003,META,INTERESTS,Interests > Business and Industry > Agriculture,Agriculture,Interests > Business and Industry,2,"B2B,TECHNOLOGY",MEDIUM,2025-01-01
META-INT-004,META,INTERESTS,Interests > Business and Industry > Architecture,Architecture,Interests > Business and Industry,2,"B2B,TECHNOLOGY",MEDIUM,2025-01-01
META-INT-005,META,INTERESTS,Interests > Business and Industry > Aviation,Aviation,Interests > Business and Industry,2,"B2B,TECHNOLOGY",MEDIUM,2025-01-01
META-INT-006,META,INTERESTS,Interests > Business and Industry > Banking,Banking,Interests > Business and Industry,2,"B2B,TECHNOLOGY",MEDIUM,2025-01-01
META-INT-007,META,INTERESTS,Interests > Business and Industry > Construction,Construction,Interests > Business and Industry,2,"B2B,TECHNOLOGY",MEDIUM,2025-01-01
META-INT-008,META,INTERESTS,Interests > Business and Industry > Design,Design,Interests > Business and Industry,2,"B2B,TECHNOLOGY",MEDIUM,2025-01-01
META-INT-009,META,INTERESTS,Interests > Business and Industry > Economics,Economics,Interests > Business and Industry,2,"B2B,TECHNOLOGY",MEDIUM,2025-01-01
META-INT-010,META,INTERESTS,Interests > Business and Industry > Engineering,Engineering,Interests > Business and Industry,2,"B2B,TECHNOLOGY",MEDIUM,2025-01-01
META-INT-011,META,INTERESTS,Interests > Business and Industry > Entrepreneurship,Entrepreneurship,Interests > Business and Industry,2,"B2B,TECHNOLOGY",MEDIUM,2025-01-01
META-INT-012,META,INTERESTS,Interests > Business and Industry > Healthcare Industry,Healthcare Industry,Interests > Business and Industry,2,"B2B,TECHNOLOGY",MEDIUM,2025-01-01
META-INT-013,META,INTERESTS,Interests > Business and Industry > Higher Education,Higher Education,Interests > Business and Industry,2,"B2B,TECHNOLOGY",MEDIUM,2025-01-01
META-INT-014,META,INTERESTS,Interests > Business and Industry > Investment Banking,Investment Banking,Interests > Business and Industry,2,"B2B,TECHNOLOGY",MEDIUM,2025-01-01
META-INT-015,META,INTERESTS,Interests > Business and Industry > Management,Management,Interests > Business and Industry,2,"B2B,TECHNOLOGY",MEDIUM,2025-01-01
META-INT-016,META,INTERESTS,Interests > Business and Industry > Manufacturing,Manufacturing,Interests > Business and Industry,2,"B2B,TECHNOLOGY",MEDIUM,2025-01-01
META-INT-017,META,INTERESTS,Interests > Business and Industry > Marketing,Marketing,Interests > Business and Industry,2,"B2B,TECHNOLOGY",MEDIUM,2025-01-01
META-INT-018,META,INTERESTS,Interests > Business and Industry > Mining,Mining,Interests > Business and Industry,2,"B2B,TECHNOLOGY",MEDIUM,2025-01-01
META-INT-019,META,INTERESTS,Interests > Business and Industry > Nursing,Nursing,Interests > Business and Industry,2,"B2B,TECHNOLOGY",MEDIUM,2025-01-01
META-INT-020,META,INTERESTS,Interests > Business and Industry > Online Marketing,Online Marketing,Interests > Business and Industry,2,"B2B,TECHNOLOGY",MEDIUM,2025-01-01
META-INT-021,META,INTERESTS,Interests > Business and Industry > Pharmaceutical Industry,Pharmaceutical Industry,Interests > Business and Industry,2,"B2B,TECHNOLOGY",MEDIUM,2025-01-01
META-INT-022,META,INTERESTS,Interests > Business and Industry > Real Estate,Real Estate,Interests > Business and Industry,2,"B2B,TECHNOLOGY",MEDIUM,2025-01-01
META-INT-023,META,INTERESTS,Interests > Business and Industry > Retail,Retail,Interests > Business and Industry,2,"B2B,TECHNOLOGY",MEDIUM,2025-01-01
META-INT-024,META,INTERESTS,Interests > Business and Industry > Sales,Sales,Interests > Business and Industry,2,"B2B,TECHNOLOGY",MEDIUM,2025-01-01
META-INT-025,META,INTERESTS,Interests > Business and Industry > Science,Science,Interests > Business and Industry,2,"B2B,TECHNOLOGY",MEDIUM,2025-01-01
META-INT-026,META,INTERESTS,Interests > Business and Industry > Small Business,Small Business,Interests > Business and Industry,2,"B2B,TECHNOLOGY",MEDIUM,2025-01-01
META-INT-027,META,INTERESTS,Interests > Business and Industry > Technology,Technology,Interests > Business and Industry,2,"B2B,TECHNOLOGY",MEDIUM,2025-01-01
META-INT-028,META,INTERESTS,Interests > Entertainment,Entertainment,Interests,1,"ENTERTAINMENT,RETAIL",HIGH,2025-01-01
META-INT-029,META,INTERESTS,Interests > Entertainment > Concerts,Concerts,Interests > Entertainment,2,"ENTERTAINMENT,RETAIL",MEDIUM,2025-01-01
META-INT-030,META,INTERESTS,Interests > Entertainment > Film Industry,Film Industry,Interests > Entertainment,2,"ENTERTAINMENT,RETAIL",MEDIUM,2025-01-01
META-INT-031,META,INTERESTS,Interests > Entertainment > Humor,Humor,Interests > Entertainment,2,"ENTERTAINMENT,RETAIL",MEDIUM,2025-01-01
META-INT-032,META,INTERESTS,Interests > Entertainment > Live Events,Live Events,Interests > Entertainment,2,"ENTERTAINMENT,RETAIL",MEDIUM,2025-01-01
META-INT-033,META,INTERESTS,Interests > Entertainment > Movies,Movies,Interests > Entertainment,2,"ENTERTAINMENT,RETAIL",MEDIUM,2025-01-01
META-INT-034,META,INTERESTS,Interests > Entertainment > Music,Music,Interests > Entertainment,2,"ENTERTAINMENT,RETAIL",MEDIUM,2025-01-01
META-INT-035,META,INTERESTS,Interests > Entertainment > Nightclubs,Nightclubs,Interests > Entertainment,2,"ENTERTAINMENT,RETAIL",MEDIUM,2025-01-01
META-INT-036,META,INTERESTS,Interests > Entertainment > Parties,Parties,Interests > Entertainment,2,"ENTERTAINMENT,RETAIL",MEDIUM,2025-01-01
META-INT-037,META,INTERESTS,Interests > Entertainment > Reading,Reading,Interests > Entertainment,2,"ENTERTAINMENT,RETAIL",MEDIUM,2025-01-01
META-INT-038,META,INTERESTS,Interests > Entertainment > Television,Television,Interests > Entertainment,2,"ENTERTAINMENT,RETAIL",MEDIUM,2025-01-01
META-INT-039,META,INTERESTS,Interests > Entertainment > Theatre,Theatre,Interests > Entertainment,2,"ENTERTAINMENT,RETAIL",MEDIUM,2025-01-01
META-INT-040,META,INTERESTS,Interests > Entertainment > Video Games,Video Games,Interests > Entertainment,2,"ENTERTAINMENT,RETAIL",MEDIUM,2025-01-01
META-INT-041,META,INTERESTS,Interests > Entertainment > Awards Shows,Awards Shows,Interests > Entertainment,2,"ENTERTAINMENT,RETAIL",MEDIUM,2025-01-01
META-INT-042,META,INTERESTS,Interests > Entertainment > Comedy,Comedy,Interests > Entertainment,2,"ENTERTAINMENT,RETAIL",MEDIUM,2025-01-01
META-INT-043,META,INTERESTS,Interests > Entertainment > Drama,Drama,Interests > Entertainment,2,"ENTERTAINMENT,RETAIL",MEDIUM,2025-01-01
META-INT-044,META,INTERESTS,Interests > Entertainment > Action Films,Action Films,Interests > Entertainment,2,"ENTERTAINMENT,RETAIL",MEDIUM,2025-01-01
META-INT-045,META,INTERESTS,Interests > Entertainment > Animation,Animation,Interests > Entertainment,2,"ENTERTAINMENT,RETAIL",MEDIUM,2025-01-01
META-INT-046,META,INTERESTS,Interests > Entertainment > Documentary,Documentary,Interests > Entertainment,2,"ENTERTAINMENT,RETAIL",MEDIUM,2025-01-01
META-INT-047,META,INTERESTS,Interests > Entertainment > Horror,Horror,Interests > Entertainment,2,"ENTERTAINMENT,RETAIL",MEDIUM,2025-01-01
META-INT-048,META,INTERESTS,Interests > Entertainment > Romance,Romance,Interests > Entertainment,2,"ENTERTAINMENT,RETAIL",MEDIUM,2025-01-01
META-INT-049,META,INTERESTS,Interests > Entertainment > Sci-Fi,Sci-Fi,Interests > Entertainment,2,"ENTERTAINMENT,RETAIL",MEDIUM,2025-01-01
META-INT-050,META,INTERESTS,Interests > Entertainment > Pop Music,Pop Music,Interests > Entertainment,2,"ENTERTAINMENT,RETAIL",MEDIUM,2025-01-01
META-INT-051,META,INTERESTS,Interests > Entertainment > Rock Music,Rock Music,Interests > Entertainment,2,"ENTERTAINMENT,RETAIL",MEDIUM,2025-01-01
META-INT-052,META,INTERESTS,Interests > Entertainment > Hip Hop,Hip Hop,Interests > Entertainment,2,"ENTERTAINMENT,RETAIL",MEDIUM,2025-01-01
META-INT-053,META,INTERESTS,Interests > Entertainment > Country Music,Country Music,Interests > Entertainment,2,"ENTERTAINMENT,RETAIL",MEDIUM,2025-01-01
META-INT-054,META,INTERESTS,Interests > Entertainment > Electronic Music,Electronic Music,Interests > Entertainment,2,"ENTERTAINMENT,RETAIL",MEDIUM,2025-01-01
META-INT-055,META,INTERESTS,Interests > Entertainment > Classical Music,Classical Music,Interests > Entertainment,2,"ENTERTAINMENT,RETAIL",MEDIUM,2025-01-01
META-INT-056,META,INTERESTS,Interests > Entertainment > Jazz,Jazz,Interests > Entertainment,2,"ENTERTAINMENT,RETAIL",MEDIUM,2025-01-01
META-INT-057,META,INTERESTS,Interests > Family and Relationships,Family and Relationships,Interests,1,"CPG,RETAIL,HEALTHCARE",HIGH,2025-01-01
META-INT-058,META,INTERESTS,Interests > Family and Relationships > Dating,Dating,Interests > Family and Relationships,2,"CPG,RETAIL,HEALTHCARE",MEDIUM,2025-01-01
META-INT-059,META,INTERESTS,Interests > Family and Relationships > Family,Family,Interests > Family and Relationships,2,"CPG,RETAIL,HEALTHCARE",MEDIUM,2025-01-01
META-INT-060,META,INTERESTS,Interests > Family and Relationships > Fatherhood,Fatherhood,Interests > Family and Relationships,2,"CPG,RETAIL,HEALTHCARE",MEDIUM,2025-01-01
META-INT-061,META,INTERESTS,Interests > Family and Relationships > Friendship,Friendship,Interests > Family and Relationships,2,"CPG,RETAIL,HEALTHCARE",MEDIUM,2025-01-01
META-INT-062,META,INTERESTS,Interests > Family and Relationships > Marriage,Marriage,Interests > Family and Relationships,2,"CPG,RETAIL,HEALTHCARE",MEDIUM,2025-01-01
META-INT-063,META,INTERESTS,Interests > Family and Relationships > Motherhood,Motherhood,Interests > Family and Relationships,2,"CPG,RETAIL,HEALTHCARE",MEDIUM,2025-01-01
META-INT-064,META,INTERESTS,Interests > Family and Relationships > Parenting,Parenting,Interests > Family and Relationships,2,"CPG,RETAIL,HEALTHCARE",MEDIUM,2025-01-01
META-INT-065,META,INTERESTS,Interests > Family and Relationships > Weddings,Weddings,Interests > Family and Relationships,2,"CPG,RETAIL,HEALTHCARE",MEDIUM,2025-01-01
META-INT-066,META,INTERESTS,Interests > Family and Relationships > Children,Children,Interests > Family and Relationships,2,"CPG,RETAIL,HEALTHCARE",MEDIUM,2025-01-01
META-INT-067,META,INTERESTS,Interests > Family and Relationships > Babies,Babies,Interests > Family and Relationships,2,"CPG,RETAIL,HEALTHCARE",MEDIUM,2025-01-01
META-INT-068,META,INTERESTS,Interests > Family and Relationships > Teens,Teens,Interests > Family and Relationships,2,"CPG,RETAIL,HEALTHCARE",MEDIUM,2025-01-01
META-INT-069,META,INTERESTS,Interests > Family and Relationships > Single Parents,Single Parents,Interests > Family and Relationships,2,"CPG,RETAIL,HEALTHCARE",MEDIUM,2025-01-01
META-INT-070,META,INTERESTS,Interests > Family and Relationships > Grandparenting,Grandparenting,Interests > Family and Relationships,2,"CPG,RETAIL,HEALTHCARE",MEDIUM,2025-01-01
META-INT-071,META,INTERESTS,Interests > Fitness and Wellness,Fitness and Wellness,Interests,1,"FITNESS,HEALTHCARE,CPG",HIGH,2025-01-01
META-INT-072,META,INTERESTS,Interests > Fitness and Wellness > Bodybuilding,Bodybuilding,Interests > Fitness and Wellness,2,"FITNESS,HEALTHCARE,CPG",MEDIUM,2025-01-01
META-INT-073,META,INTERESTS,Interests > Fitness and Wellness > Dieting,Dieting,Interests > Fitness and Wellness,2,"FITNESS,HEALTHCARE,CPG",MEDIUM,2025-01-01
META-INT-074,META,INTERESTS,Interests > Fitness and Wellness > Gyms,Gyms,Interests > Fitness and Wellness,2,"FITNESS,HEALTHCARE,CPG",MEDIUM,2025-01-01
META-INT-075,META,INTERESTS,Interests > Fitness and Wellness > Meditation,Meditation,Interests > Fitness and Wellness,2,"FITNESS,HEALTHCARE,CPG",MEDIUM,2025-01-01
META-INT-076,META,INTERESTS,Interests > Fitness and Wellness > Nutrition,Nutrition,Interests > Fitness and Wellness,2,"FITNESS,HEALTHCARE,CPG",MEDIUM,2025-01-01
META-INT-077,META,INTERESTS,Interests > Fitness and Wellness > Physical Exercise,Physical Exercise,Interests > Fitness and Wellness,2,"FITNESS,HEALTHCARE,CPG",MEDIUM,2025-01-01
META-INT-078,META,INTERESTS,Interests > Fitness and Wellness > Running,Running,Interests > Fitness and Wellness,2,"FITNESS,HEALTHCARE,CPG",MEDIUM,2025-01-01
META-INT-079,META,INTERESTS,Interests > Fitness and Wellness > Weight Training,Weight Training,Interests > Fitness and Wellness,2,"FITNESS,HEALTHCARE,CPG",MEDIUM,2025-01-01
META-INT-080,META,INTERESTS,Interests > Fitness and Wellness > Yoga,Yoga,Interests > Fitness and Wellness,2,"FITNESS,HEALTHCARE,CPG",MEDIUM,2025-01-01
META-INT-081,META,INTERESTS,Interests > Fitness and Wellness > CrossFit,CrossFit,Interests > Fitness and Wellness,2,"FITNESS,HEALTHCARE,CPG",MEDIUM,2025-01-01
META-INT-082,META,INTERESTS,Interests > Fitness and Wellness > Pilates,Pilates,Interests > Fitness and Wellness,2,"FITNESS,HEALTHCARE,CPG",MEDIUM,2025-01-01
META-INT-083,META,INTERESTS,Interests > Fitness and Wellness > Swimming,Swimming,Interests > Fitness and Wellness,2,"FITNESS,HEALTHCARE,CPG",MEDIUM,2025-01-01
META-INT-084,META,INTERESTS,Interests > Fitness and Wellness > Cycling,Cycling,Interests > Fitness and Wellness,2,"FITNESS,HEALTHCARE,CPG",MEDIUM,2025-01-01
META-INT-085,META,INTERESTS,Interests > Fitness and Wellness > Martial Arts,Martial Arts,Interests > Fitness and Wellness,2,"FITNESS,HEALTHCARE,CPG",MEDIUM,2025-01-01
META-INT-086,META,INTERESTS,Interests > Fitness and Wellness > Personal Training,Personal Training,Interests > Fitness and Wellness,2,"FITNESS,HEALTHCARE,CPG",MEDIUM,2025-01-01
META-INT-087,META,INTERESTS,Interests > Fitness and Wellness > Fitness Apps,Fitness Apps,Interests > Fitness and Wellness,2,"FITNESS,HEALTHCARE,CPG",MEDIUM,2025-01-01
META-INT-088,META,INTERESTS,Interests > Fitness and Wellness > Wearable Technology,Wearable Technology,Interests > Fitness and Wellness,2,"FITNESS,HEALTHCARE,CPG",MEDIUM,2025-01-01
META-INT-089,META,INTERESTS,Interests > Food and Drink,Food and Drink,Interests,1,"CPG,RESTAURANT,RETAIL",HIGH,2025-01-01
META-INT-090,META,INTERESTS,Interests > Food and Drink > Alcoholic Beverages,Alcoholic Beverages,Interests > Food and Drink,2,"CPG,RESTAURANT,RETAIL",MEDIUM,2025-01-01
META-INT-091,META,INTERESTS,Interests > Food and Drink > Beverages,Beverages,Interests > Food and Drink,2,"CPG,RESTAURANT,RETAIL",MEDIUM,2025-01-01
META-INT-092,META,INTERESTS,Interests > Food and Drink > Coffee,Coffee,Interests > Food and Drink,2,"CPG,RESTAURANT,RETAIL",MEDIUM,2025-01-01
META-INT-093,META,INTERESTS,Interests > Food and Drink > Cooking,Cooking,Interests > Food and Drink,2,"CPG,RESTAURANT,RETAIL",MEDIUM,2025-01-01
META-INT-094,META,INTERESTS,Interests > Food and Drink > Cuisine,Cuisine,Interests > Food and Drink,2,"CPG,RESTAURANT,RETAIL",MEDIUM,2025-01-01
META-INT-095,META,INTERESTS,Interests > Food and Drink > Fast Food,Fast Food,Interests > Food and Drink,2,"CPG,RESTAURANT,RETAIL",MEDIUM,2025-01-01
META-INT-096,META,INTERESTS,Interests > Food and Drink > Food,Food,Interests > Food and Drink,2,"CPG,RESTAURANT,RETAIL",MEDIUM,2025-01-01
META-INT-097,META,INTERESTS,Interests > Food and Drink > Organic Food,Organic Food,Interests > Food and Drink,2,"CPG,RESTAURANT,RETAIL",MEDIUM,2025-01-01
META-INT-098,META,INTERESTS,Interests > Food and Drink > Recipes,Recipes,Interests > Food and Drink,2,"CPG,RESTAURANT,RETAIL",MEDIUM,2025-01-01
META-INT-099,META,INTERESTS,Interests > Food and Drink > Restaurants,Restaurants,Interests > Food and Drink,2,"CPG,RESTAURANT,RETAIL",MEDIUM,2025-01-01
META-INT-100,META,INTERESTS,Interests > Food and Drink > Tea,Tea,Interests > Food and Drink,2,"CPG,RESTAURANT,RETAIL",MEDIUM,2025-01-01
META-INT-101,META,INTERESTS,Interests > Food and Drink > Vegetarianism,Vegetarianism,Interests > Food and Drink,2,"CPG,RESTAURANT,RETAIL",MEDIUM,2025-01-01
META-INT-102,META,INTERESTS,Interests > Food and Drink > Vegan,Vegan,Interests > Food and Drink,2,"CPG,RESTAURANT,RETAIL",MEDIUM,2025-01-01
META-INT-103,META,INTERESTS,Interests > Food and Drink > Wine,Wine,Interests > Food and Drink,2,"CPG,RESTAURANT,RETAIL",MEDIUM,2025-01-01
META-INT-104,META,INTERESTS,Interests > Food and Drink > Beer,Beer,Interests > Food and Drink,2,"CPG,RESTAURANT,RETAIL",MEDIUM,2025-01-01
META-INT-105,META,INTERESTS,Interests > Food and Drink > Spirits,Spirits,Interests > Food and Drink,2,"CPG,RESTAURANT,RETAIL",MEDIUM,2025-01-01
META-INT-106,META,INTERESTS,Interests > Food and Drink > Baking,Baking,Interests > Food and Drink,2,"CPG,RESTAURANT,RETAIL",MEDIUM,2025-01-01
META-INT-107,META,INTERESTS,Interests > Food and Drink > Grilling,Grilling,Interests > Food and Drink,2,"CPG,RESTAURANT,RETAIL",MEDIUM,2025-01-01
META-INT-108,META,INTERESTS,Interests > Food and Drink > Healthy Eating,Healthy Eating,Interests > Food and Drink,2,"CPG,RESTAURANT,RETAIL",MEDIUM,2025-01-01
META-INT-109,META,INTERESTS,Interests > Food and Drink > Fine Dining,Fine Dining,Interests > Food and Drink,2,"CPG,RESTAURANT,RETAIL",MEDIUM,2025-01-01
META-INT-110,META,INTERESTS,Interests > Hobbies and Activities,Hobbies and Activities,Interests,1,"RETAIL,ENTERTAINMENT",HIGH,2025-01-01
META-INT-111,META,INTERESTS,Interests > Hobbies and Activities > Arts and Crafts,Arts and Crafts,Interests > Hobbies and Activities,2,"RETAIL,ENTERTAINMENT",MEDIUM,2025-01-01
META-INT-112,META,INTERESTS,Interests > Hobbies and Activities > Cars,Cars,Interests > Hobbies and Activities,2,"RETAIL,ENTERTAINMENT",MEDIUM,2025-01-01
META-INT-113,META,INTERESTS,Interests > Hobbies and Activities > Collecting,Collecting,Interests > Hobbies and Activities,2,"RETAIL,ENTERTAINMENT",MEDIUM,2025-01-01
META-INT-114,META,INTERESTS,Interests > Hobbies and Activities > Dance,Dance,Interests > Hobbies and Activities,2,"RETAIL,ENTERTAINMENT",MEDIUM,2025-01-01
META-INT-115,META,INTERESTS,Interests > Hobbies and Activities > DIY,DIY,Interests > Hobbies and Activities,2,"RETAIL,ENTERTAINMENT",MEDIUM,2025-01-01
META-INT-116,META,INTERESTS,Interests > Hobbies and Activities > Drawing,Drawing,Interests > Hobbies and Activities,2,"RETAIL,ENTERTAINMENT",MEDIUM,2025-01-01
META-INT-117,META,INTERESTS,Interests > Hobbies and Activities > Fashion,Fashion,Interests > Hobbies and Activities,2,"RETAIL,ENTERTAINMENT",MEDIUM,2025-01-01
META-INT-118,META,INTERESTS,Interests > Hobbies and Activities > Gambling,Gambling,Interests > Hobbies and Activities,2,"RETAIL,ENTERTAINMENT",MEDIUM,2025-01-01
META-INT-119,META,INTERESTS,Interests > Hobbies and Activities > Games,Games,Interests > Hobbies and Activities,2,"RETAIL,ENTERTAINMENT",MEDIUM,2025-01-01
META-INT-120,META,INTERESTS,Interests > Hobbies and Activities > Gardening,Gardening,Interests > Hobbies and Activities,2,"RETAIL,ENTERTAINMENT",MEDIUM,2025-01-01
META-INT-121,META,INTERESTS,Interests > Hobbies and Activities > Hiking,Hiking,Interests > Hobbies and Activities,2,"RETAIL,ENTERTAINMENT",MEDIUM,2025-01-01
META-INT-122,META,INTERESTS,Interests > Hobbies and Activities > Home Improvement,Home Improvement,Interests > Hobbies and Activities,2,"RETAIL,ENTERTAINMENT",MEDIUM,2025-01-01
META-INT-123,META,INTERESTS,Interests > Hobbies and Activities > Hunting,Hunting,Interests > Hobbies and Activities,2,"RETAIL,ENTERTAINMENT",MEDIUM,2025-01-01
META-INT-124,META,INTERESTS,Interests > Hobbies and Activities > Music Instruments,Music Instruments,Interests > Hobbies and Activities,2,"RETAIL,ENTERTAINMENT",MEDIUM,2025-01-01
META-INT-125,META,INTERESTS,Interests > Hobbies and Activities > Outdoors,Outdoors,Interests > Hobbies and Activities,2,"RETAIL,ENTERTAINMENT",MEDIUM,2025-01-01
META-INT-126,META,INTERESTS,Interests > Hobbies and Activities > Painting,Painting,Interests > Hobbies and Activities,2,"RETAIL,ENTERTAINMENT",MEDIUM,2025-01-01
META-INT-127,META,INTERESTS,Interests > Hobbies and Activities > Pets,Pets,Interests > Hobbies and Activities,2,"RETAIL,ENTERTAINMENT",MEDIUM,2025-01-01
META-INT-128,META,INTERESTS,Interests > Hobbies and Activities > Photography,Photography,Interests > Hobbies and Activities,2,"RETAIL,ENTERTAINMENT",MEDIUM,2025-01-01
META-INT-129,META,INTERESTS,Interests > Hobbies and Activities > Poker,Poker,Interests > Hobbies and Activities,2,"RETAIL,ENTERTAINMENT",MEDIUM,2025-01-01
META-INT-130,META,INTERESTS,Interests > Hobbies and Activities > Puzzles,Puzzles,Interests > Hobbies and Activities,2,"RETAIL,ENTERTAINMENT",MEDIUM,2025-01-01
META-INT-131,META,INTERESTS,Interests > Hobbies and Activities > Reading,Reading,Interests > Hobbies and Activities,2,"RETAIL,ENTERTAINMENT",MEDIUM,2025-01-01
META-INT-132,META,INTERESTS,Interests > Hobbies and Activities > Shopping,Shopping,Interests > Hobbies and Activities,2,"RETAIL,ENTERTAINMENT",MEDIUM,2025-01-01
META-INT-133,META,INTERESTS,Interests > Hobbies and Activities > Singing,Singing,Interests > Hobbies and Activities,2,"RETAIL,ENTERTAINMENT",MEDIUM,2025-01-01
META-INT-134,META,INTERESTS,Interests > Hobbies and Activities > Traveling,Traveling,Interests > Hobbies and Activities,2,"RETAIL,ENTERTAINMENT",MEDIUM,2025-01-01
META-INT-135,META,INTERESTS,Interests > Hobbies and Activities > Volunteering,Volunteering,Interests > Hobbies and Activities,2,"RETAIL,ENTERTAINMENT",MEDIUM,2025-01-01
META-INT-136,META,INTERESTS,Interests > Hobbies and Activities > Writing,Writing,Interests > Hobbies and Activities,2,"RETAIL,ENTERTAINMENT",MEDIUM,2025-01-01
META-INT-137,META,INTERESTS,Interests > Hobbies and Activities > Camping,Camping,Interests > Hobbies and Activities,2,"RETAIL,ENTERTAINMENT",MEDIUM,2025-01-01
META-INT-138,META,INTERESTS,Interests > Hobbies and Activities > Fishing,Fishing,Interests > Hobbies and Activities,2,"RETAIL,ENTERTAINMENT",MEDIUM,2025-01-01
META-INT-139,META,INTERESTS,Interests > Hobbies and Activities > Knitting,Knitting,Interests > Hobbies and Activities,2,"RETAIL,ENTERTAINMENT",MEDIUM,2025-01-01
META-INT-140,META,INTERESTS,Interests > Shopping and Fashion,Shopping and Fashion,Interests,1,"RETAIL,CPG",HIGH,2025-01-01
META-INT-141,META,INTERESTS,Interests > Shopping and Fashion > Beauty,Beauty,Interests > Shopping and Fashion,2,"RETAIL,CPG",MEDIUM,2025-01-01
META-INT-142,META,INTERESTS,Interests > Shopping and Fashion > Clothing,Clothing,Interests > Shopping and Fashion,2,"RETAIL,CPG",MEDIUM,2025-01-01
META-INT-143,META,INTERESTS,Interests > Shopping and Fashion > Cosmetics,Cosmetics,Interests > Shopping and Fashion,2,"RETAIL,CPG",MEDIUM,2025-01-01
META-INT-144,META,INTERESTS,Interests > Shopping and Fashion > Dresses,Dresses,Interests > Shopping and Fashion,2,"RETAIL,CPG",MEDIUM,2025-01-01
META-INT-145,META,INTERESTS,Interests > Shopping and Fashion > Fashion Accessories,Fashion Accessories,Interests > Shopping and Fashion,2,"RETAIL,CPG",MEDIUM,2025-01-01
META-INT-146,META,INTERESTS,Interests > Shopping and Fashion > Footwear,Footwear,Interests > Shopping and Fashion,2,"RETAIL,CPG",MEDIUM,2025-01-01
META-INT-147,META,INTERESTS,Interests > Shopping and Fashion > Handbags,Handbags,Interests > Shopping and Fashion,2,"RETAIL,CPG",MEDIUM,2025-01-01
META-INT-148,META,INTERESTS,Interests > Shopping and Fashion > Jewelry,Jewelry,Interests > Shopping and Fashion,2,"RETAIL,CPG",MEDIUM,2025-01-01
META-INT-149,META,INTERESTS,Interests > Shopping and Fashion > Luxury Goods,Luxury Goods,Interests > Shopping and Fashion,2,"RETAIL,CPG",MEDIUM,2025-01-01
META-INT-150,META,INTERESTS,Interests > Shopping and Fashion > Online Shopping,Online Shopping,Interests > Shopping and Fashion,2,"RETAIL,CPG",MEDIUM,2025-01-01
META-INT-151,META,INTERESTS,Interests > Shopping and Fashion > Shopping Malls,Shopping Malls,Interests > Shopping and Fashion,2,"RETAIL,CPG",MEDIUM,2025-01-01
META-INT-152,META,INTERESTS,Interests > Shopping and Fashion > Sunglasses,Sunglasses,Interests > Shopping and Fashion,2,"RETAIL,CPG",MEDIUM,2025-01-01
META-INT-153,META,INTERESTS,Interests > Shopping and Fashion > Toys,Toys,Interests > Shopping and Fashion,2,"RETAIL,CPG",MEDIUM,2025-01-01
META-INT-154,META,INTERESTS,Interests > Shopping and Fashion > Watches,Watches,Interests > Shopping and Fashion,2,"RETAIL,CPG",MEDIUM,2025-01-01
META-INT-155,META,INTERESTS,Interests > Shopping and Fashion > Bridal,Bridal,Interests > Shopping and Fashion,2,"RETAIL,CPG",MEDIUM,2025-01-01
META-INT-156,META,INTERESTS,Interests > Shopping and Fashion > Men's Fashion,Men's Fashion,Interests > Shopping and Fashion,2,"RETAIL,CPG",MEDIUM,2025-01-01
META-INT-157,META,INTERESTS,Interests > Shopping and Fashion > Women's Fashion,Women's Fashion,Interests > Shopping and Fashion,2,"RETAIL,CPG",MEDIUM,2025-01-01
META-INT-158,META,INTERESTS,Interests > Shopping and Fashion > Children's Clothing,Children's Clothing,Interests > Shopping and Fashion,2,"RETAIL,CPG",MEDIUM,2025-01-01
META-INT-159,META,INTERESTS,Interests > Shopping and Fashion > Athleisure,Athleisure,Interests > Shopping and Fashion,2,"RETAIL,CPG",MEDIUM,2025-01-01
META-INT-160,META,INTERESTS,Interests > Shopping and Fashion > Designer Brands,Designer Brands,Interests > Shopping and Fashion,2,"RETAIL,CPG",MEDIUM,2025-01-01
META-INT-161,META,INTERESTS,Interests > Shopping and Fashion > Fast Fashion,Fast Fashion,Interests > Shopping and Fashion,2,"RETAIL,CPG",MEDIUM,2025-01-01
META-INT-162,META,INTERESTS,Interests > Sports and Outdoors,Sports and Outdoors,Interests,1,"SPORTS,RETAIL,FITNESS",HIGH,2025-01-01
META-INT-163,META,INTERESTS,Interests > Sports and Outdoors > American Football,American Football,Interests > Sports and Outdoors,2,"SPORTS,RETAIL,FITNESS",MEDIUM,2025-01-01
META-INT-164,META,INTERESTS,Interests > Sports and Outdoors > Baseball,Baseball,Interests > Sports and Outdoors,2,"SPORTS,RETAIL,FITNESS",MEDIUM,2025-01-01
META-INT-165,META,INTERESTS,Interests > Sports and Outdoors > Basketball,Basketball,Interests > Sports and Outdoors,2,"SPORTS,RETAIL,FITNESS",MEDIUM,2025-01-01
META-INT-166,META,INTERESTS,Interests > Sports and Outdoors > Boxing,Boxing,Interests > Sports and Outdoors,2,"SPORTS,RETAIL,FITNESS",MEDIUM,2025-01-01
META-INT-167,META,INTERESTS,Interests > Sports and Outdoors > Cricket,Cricket,Interests > Sports and Outdoors,2,"SPORTS,RETAIL,FITNESS",MEDIUM,2025-01-01
META-INT-168,META,INTERESTS,Interests > Sports and Outdoors > Cycling,Cycling,Interests > Sports and Outdoors,2,"SPORTS,RETAIL,FITNESS",MEDIUM,2025-01-01
META-INT-169,META,INTERESTS,Interests > Sports and Outdoors > Extreme Sports,Extreme Sports,Interests > Sports and Outdoors,2,"SPORTS,RETAIL,FITNESS",MEDIUM,2025-01-01
META-INT-170,META,INTERESTS,Interests > Sports and Outdoors > Football (Soccer),Football (Soccer),Interests > Sports and Outdoors,2,"SPORTS,RETAIL,FITNESS",MEDIUM,2025-01-01
META-INT-171,META,INTERESTS,Interests > Sports and Outdoors > Golf,Golf,Interests > Sports and Outdoors,2,"SPORTS,RETAIL,FITNESS",MEDIUM,2025-01-01
META-INT-172,META,INTERESTS,Interests > Sports and Outdoors > Gymnastics,Gymnastics,Interests > Sports and Outdoors,2,"SPORTS,RETAIL,FITNESS",MEDIUM,2025-01-01
META-INT-173,META,INTERESTS,Interests > Sports and Outdoors > Hockey,Hockey,Interests > Sports and Outdoors,2,"SPORTS,RETAIL,FITNESS",MEDIUM,2025-01-01
META-INT-174,META,INTERESTS,Interests > Sports and Outdoors > Martial Arts,Martial Arts,Interests > Sports and Outdoors,2,"SPORTS,RETAIL,FITNESS",MEDIUM,2025-01-01
META-INT-175,META,INTERESTS,Interests > Sports and Outdoors > Motor Sports,Motor Sports,Interests > Sports and Outdoors,2,"SPORTS,RETAIL,FITNESS",MEDIUM,2025-01-01
META-INT-176,META,INTERESTS,Interests > Sports and Outdoors > Olympics,Olympics,Interests > Sports and Outdoors,2,"SPORTS,RETAIL,FITNESS",MEDIUM,2025-01-01
META-INT-177,META,INTERESTS,Interests > Sports and Outdoors > Rugby,Rugby,Interests > Sports and Outdoors,2,"SPORTS,RETAIL,FITNESS",MEDIUM,2025-01-01
META-INT-178,META,INTERESTS,Interests > Sports and Outdoors > Running,Running,Interests > Sports and Outdoors,2,"SPORTS,RETAIL,FITNESS",MEDIUM,2025-01-01
META-INT-179,META,INTERESTS,Interests > Sports and Outdoors > Skiing,Skiing,Interests > Sports and Outdoors,2,"SPORTS,RETAIL,FITNESS",MEDIUM,2025-01-01
META-INT-180,META,INTERESTS,Interests > Sports and Outdoors > Snowboarding,Snowboarding,Interests > Sports and Outdoors,2,"SPORTS,RETAIL,FITNESS",MEDIUM,2025-01-01
META-INT-181,META,INTERESTS,Interests > Sports and Outdoors > Surfing,Surfing,Interests > Sports and Outdoors,2,"SPORTS,RETAIL,FITNESS",MEDIUM,2025-01-01
META-INT-182,META,INTERESTS,Interests > Sports and Outdoors > Swimming,Swimming,Interests > Sports and Outdoors,2,"SPORTS,RETAIL,FITNESS",MEDIUM,2025-01-01
META-INT-183,META,INTERESTS,Interests > Sports and Outdoors > Tennis,Tennis,Interests > Sports and Outdoors,2,"SPORTS,RETAIL,FITNESS",MEDIUM,2025-01-01
META-INT-184,META,INTERESTS,Interests > Sports and Outdoors > Track and Field,Track and Field,Interests > Sports and Outdoors,2,"SPORTS,RETAIL,FITNESS",MEDIUM,2025-01-01
META-INT-185,META,INTERESTS,Interests > Sports and Outdoors > Volleyball,Volleyball,Interests > Sports and Outdoors,2,"SPORTS,RETAIL,FITNESS",MEDIUM,2025-01-01
META-INT-186,META,INTERESTS,Interests > Sports and Outdoors > Water Sports,Water Sports,Interests > Sports and Outdoors,2,"SPORTS,RETAIL,FITNESS",MEDIUM,2025-01-01
META-INT-187,META,INTERESTS,Interests > Sports and Outdoors > Wrestling,Wrestling,Interests > Sports and Outdoors,2,"SPORTS,RETAIL,FITNESS",MEDIUM,2025-01-01
META-INT-188,META,INTERESTS,Interests > Sports and Outdoors > Fantasy Sports,Fantasy Sports,Interests > Sports and Outdoors,2,"SPORTS,RETAIL,FITNESS",MEDIUM,2025-01-01
META-INT-189,META,INTERESTS,Interests > Sports and Outdoors > Esports,Esports,Interests > Sports and Outdoors,2,"SPORTS,RETAIL,FITNESS",MEDIUM,2025-01-01
META-INT-190,META,INTERESTS,Interests > Technology,Technology,Interests,1,"TECHNOLOGY,RETAIL",HIGH,2025-01-01
META-INT-191,META,INTERESTS,Interests > Technology > Computers,Computers,Interests > Technology,2,"TECHNOLOGY,RETAIL",MEDIUM,2025-01-01
META-INT-192,META,INTERESTS,Interests > Technology > Consumer Electronics,Consumer Electronics,Interests > Technology,2,"TECHNOLOGY,RETAIL",MEDIUM,2025-01-01
META-INT-193,META,INTERESTS,Interests > Technology > Mobile Phones,Mobile Phones,Interests > Technology,2,"TECHNOLOGY,RETAIL",MEDIUM,2025-01-01
META-INT-194,META,INTERESTS,Interests > Technology > Tablets,Tablets,Interests > Technology,2,"TECHNOLOGY,RETAIL",MEDIUM,2025-01-01
META-INT-195,META,INTERESTS,Interests > Technology > Software,Software,Interests > Technology,2,"TECHNOLOGY,RETAIL",MEDIUM,2025-01-01
META-INT-196,META,INTERESTS,Interests > Technology > Apps,Apps,Interests > Technology,2,"TECHNOLOGY,RETAIL",MEDIUM,2025-01-01
META-INT-197,META,INTERESTS,Interests > Technology > Cloud Computing,Cloud Computing,Interests > Technology,2,"TECHNOLOGY,RETAIL",MEDIUM,2025-01-01
META-INT-198,META,INTERESTS,Interests > Technology > Cybersecurity,Cybersecurity,Interests > Technology,2,"TECHNOLOGY,RETAIL",MEDIUM,2025-01-01
META-INT-199,META,INTERESTS,Interests > Technology > Data Science,Data Science,Interests > Technology,2,"TECHNOLOGY,RETAIL",MEDIUM,2025-01-01
META-INT-200,META,INTERESTS,Interests > Technology > Gadgets,Gadgets,Interests > Technology,2,"TECHNOLOGY,RETAIL",MEDIUM,2025-01-01
META-INT-201,META,INTERESTS,Interests > Technology > Internet,Internet,Interests > Technology,2,"TECHNOLOGY,RETAIL",MEDIUM,2025-01-01
META-INT-202,META,INTERESTS,Interests > Technology > Smart Home,Smart Home,Interests > Technology,2,"TECHNOLOGY,RETAIL",MEDIUM,2025-01-01
META-INT-203,META,INTERESTS,Interests > Technology > Streaming Services,Streaming Services,Interests > Technology,2,"TECHNOLOGY,RETAIL",MEDIUM,2025-01-01
META-INT-204,META,INTERESTS,Interests > Technology > Virtual Reality,Virtual Reality,Interests > Technology,2,"TECHNOLOGY,RETAIL",MEDIUM,2025-01-01
META-INT-205,META,INTERESTS,Interests > Technology > Augmented Reality,Augmented Reality,Interests > Technology,2,"TECHNOLOGY,RETAIL",MEDIUM,2025-01-01
META-INT-206,META,INTERESTS,Interests > Technology > Artificial Intelligence,Artificial Intelligence,Interests > Technology,2,"TECHNOLOGY,RETAIL",MEDIUM,2025-01-01
META-INT-207,META,INTERESTS,Interests > Technology > Blockchain,Blockchain,Interests > Technology,2,"TECHNOLOGY,RETAIL",MEDIUM,2025-01-01
META-INT-208,META,INTERESTS,Interests > Technology > Cryptocurrency,Cryptocurrency,Interests > Technology,2,"TECHNOLOGY,RETAIL",MEDIUM,2025-01-01
META-INT-209,META,INTERESTS,Interests > Technology > Wearables,Wearables,Interests > Technology,2,"TECHNOLOGY,RETAIL",MEDIUM,2025-01-01
META-BEH-210,META,BEHAVIORS,Behaviors > Digital Activities,Digital Activities,Behaviors,1,"TECHNOLOGY,RETAIL",HIGH,2025-01-01
META-BEH-211,META,BEHAVIORS,Behaviors > Digital Activities > Early Technology Adopters,Early Technology Adopters,Behaviors > Digital Activities,2,"TECHNOLOGY,RETAIL",MEDIUM,2025-01-01
META-BEH-212,META,BEHAVIORS,Behaviors > Digital Activities > Facebook Page Admins,Facebook Page Admins,Behaviors > Digital Activities,2,"TECHNOLOGY,RETAIL",MEDIUM,2025-01-01
META-BEH-213,META,BEHAVIORS,Behaviors > Digital Activities > Facebook Payments Users,Facebook Payments Users,Behaviors > Digital Activities,2,"TECHNOLOGY,RETAIL",MEDIUM,2025-01-01
META-BEH-214,META,BEHAVIORS,Behaviors > Digital Activities > Heavy Instagram Users,Heavy Instagram Users,Behaviors > Digital Activities,2,"TECHNOLOGY,RETAIL",MEDIUM,2025-01-01
META-BEH-215,META,BEHAVIORS,Behaviors > Digital Activities > Online Spenders,Online Spenders,Behaviors > Digital Activities,2,"TECHNOLOGY,RETAIL",MEDIUM,2025-01-01
META-BEH-216,META,BEHAVIORS,Behaviors > Digital Activities > Photo Uploaders,Photo Uploaders,Behaviors > Digital Activities,2,"TECHNOLOGY,RETAIL",MEDIUM,2025-01-01
META-BEH-217,META,BEHAVIORS,Behaviors > Digital Activities > Small Business Owners,Small Business Owners,Behaviors > Digital Activities,2,"TECHNOLOGY,RETAIL",MEDIUM,2025-01-01
META-BEH-218,META,BEHAVIORS,Behaviors > Digital Activities > Technology Early Adopters,Technology Early Adopters,Behaviors > Digital Activities,2,"TECHNOLOGY,RETAIL",MEDIUM,2025-01-01
META-BEH-219,META,BEHAVIORS,Behaviors > Digital Activities > Video Creators,Video Creators,Behaviors > Digital Activities,2,"TECHNOLOGY,RETAIL",MEDIUM,2025-01-01
META-BEH-220,META,BEHAVIORS,Behaviors > Digital Activities > Facebook Gaming,Facebook Gaming,Behaviors > Digital Activities,2,"TECHNOLOGY,RETAIL",MEDIUM,2025-01-01
META-BEH-221,META,BEHAVIORS,Behaviors > Digital Activities > Messenger Users,Messenger Users,Behaviors > Digital Activities,2,"TECHNOLOGY,RETAIL",MEDIUM,2025-01-01
META-BEH-222,META,BEHAVIORS,Behaviors > Digital Activities > WhatsApp Users,WhatsApp Users,Behaviors > Digital Activities,2,"TECHNOLOGY,RETAIL",MEDIUM,2025-01-01
META-BEH-223,META,BEHAVIORS,Behaviors > Mobile Device User,Mobile Device User,Behaviors,1,"TECHNOLOGY,RETAIL",HIGH,2025-01-01
META-BEH-224,META,BEHAVIORS,Behaviors > Mobile Device User > All Mobile Devices by Brand,All Mobile Devices by Brand,Behaviors > Mobile Device User,2,"TECHNOLOGY,RETAIL",MEDIUM,2025-01-01
META-BEH-225,META,BEHAVIORS,Behaviors > Mobile Device User > Android Users,Android Users,Behaviors > Mobile Device User,2,"TECHNOLOGY,RETAIL",MEDIUM,2025-01-01
META-BEH-226,META,BEHAVIORS,Behaviors > Mobile Device User > iOS Users,iOS Users,Behaviors > Mobile Device User,2,"TECHNOLOGY,RETAIL",MEDIUM,2025-01-01
META-BEH-227,META,BEHAVIORS,Behaviors > Mobile Device User > Feature Phone Users,Feature Phone Users,Behaviors > Mobile Device User,2,"TECHNOLOGY,RETAIL",MEDIUM,2025-01-01
META-BEH-228,META,BEHAVIORS,Behaviors > Mobile Device User > Smartphone Users,Smartphone Users,Behaviors > Mobile Device User,2,"TECHNOLOGY,RETAIL",MEDIUM,2025-01-01
META-BEH-229,META,BEHAVIORS,Behaviors > Mobile Device User > Tablet Users,Tablet Users,Behaviors > Mobile Device User,2,"TECHNOLOGY,RETAIL",MEDIUM,2025-01-01
META-BEH-230,META,BEHAVIORS,Behaviors > Mobile Device User > Mobile Network Operator,Mobile Network Operator,Behaviors > Mobile Device User,2,"TECHNOLOGY,RETAIL",MEDIUM,2025-01-01
META-BEH-231,META,BEHAVIORS,Behaviors > Mobile Device User > WiFi Users,WiFi Users,Behaviors > Mobile Device User,2,"TECHNOLOGY,RETAIL",MEDIUM,2025-01-01
META-BEH-232,META,BEHAVIORS,Behaviors > Mobile Device User > 4G Users,4G Users,Behaviors > Mobile Device User,2,"TECHNOLOGY,RETAIL",MEDIUM,2025-01-01
META-BEH-233,META,BEHAVIORS,Behaviors > Mobile Device User > 5G Users,5G Users,Behaviors > Mobile Device User,2,"TECHNOLOGY,RETAIL",MEDIUM,2025-01-01
META-BEH-234,META,BEHAVIORS,Behaviors > Purchase Behavior,Purchase Behavior,Behaviors,1,"RETAIL,CPG",HIGH,2025-01-01
META-BEH-235,META,BEHAVIORS,Behaviors > Purchase Behavior > Engaged Shoppers,Engaged Shoppers,Behaviors > Purchase Behavior,2,"RETAIL,CPG",MEDIUM,2025-01-01
META-BEH-236,META,BEHAVIORS,Behaviors > Purchase Behavior > Online Buyers,Online Buyers,Behaviors > Purchase Behavior,2,"RETAIL,CPG",MEDIUM,2025-01-01
META-BEH-237,META,BEHAVIORS,Behaviors > Purchase Behavior > In-Store Buyers,In-Store Buyers,Behaviors > Purchase Behavior,2,"RETAIL,CPG",MEDIUM,2025-01-01
META-BEH-238,META,BEHAVIORS,Behaviors > Purchase Behavior > Big Spenders,Big Spenders,Behaviors > Purchase Behavior,2,"RETAIL,CPG",MEDIUM,2025-01-01
META-BEH-239,META,BEHAVIORS,Behaviors > Purchase Behavior > Deal Seekers,Deal Seekers,Behaviors > Purchase Behavior,2,"RETAIL,CPG",MEDIUM,2025-01-01
META-BEH-240,META,BEHAVIORS,Behaviors > Purchase Behavior > Impulse Buyers,Impulse Buyers,Behaviors > Purchase Behavior,2,"RETAIL,CPG",MEDIUM,2025-01-01
META-BEH-241,META,BEHAVIORS,Behaviors > Purchase Behavior > Loyal Buyers,Loyal Buyers,Behaviors > Purchase Behavior,2,"RETAIL,CPG",MEDIUM,2025-01-01
META-BEH-242,META,BEHAVIORS,Behaviors > Purchase Behavior > New Buyers,New Buyers,Behaviors > Purchase Behavior,2,"RETAIL,CPG",MEDIUM,2025-01-01
META-BEH-243,META,BEHAVIORS,Behaviors > Purchase Behavior > Subscription Buyers,Subscription Buyers,Behaviors > Purchase Behavior,2,"RETAIL,CPG",MEDIUM,2025-01-01
META-BEH-244,META,BEHAVIORS,Behaviors > Travel,Travel,Behaviors,1,TRAVEL,HIGH,2025-01-01
META-BEH-245,META,BEHAVIORS,Behaviors > Travel > All Frequent Travelers,All Frequent Travelers,Behaviors > Travel,2,TRAVEL,MEDIUM,2025-01-01
META-BEH-246,META,BEHAVIORS,Behaviors > Travel > Business Travelers,Business Travelers,Behaviors > Travel,2,TRAVEL,MEDIUM,2025-01-01
META-BEH-247,META,BEHAVIORS,Behaviors > Travel > Commuters,Commuters,Behaviors > Travel,2,TRAVEL,MEDIUM,2025-01-01
META-BEH-248,META,BEHAVIORS,Behaviors > Travel > Currently Traveling,Currently Traveling,Behaviors > Travel,2,TRAVEL,MEDIUM,2025-01-01
META-BEH-249,META,BEHAVIORS,Behaviors > Travel > Frequent Flyers,Frequent Flyers,Behaviors > Travel,2,TRAVEL,MEDIUM,2025-01-01
META-BEH-250,META,BEHAVIORS,Behaviors > Travel > Frequent International Travelers,Frequent International Travelers,Behaviors > Travel,2,TRAVEL,MEDIUM,2025-01-01
META-BEH-251,META,BEHAVIORS,Behaviors > Travel > Returned from Trip (1 week),Returned from Trip (1 week),Behaviors > Travel,2,TRAVEL,MEDIUM,2025-01-01
META-BEH-252,META,BEHAVIORS,Behaviors > Travel > Returned from Trip (2 weeks),Returned from Trip (2 weeks),Behaviors > Travel,2,TRAVEL,MEDIUM,2025-01-01
META-BEH-253,META,BEHAVIORS,Behaviors > Travel > Travel App Users,Travel App Users,Behaviors > Travel,2,TRAVEL,MEDIUM,2025-01-01
META-BEH-254,META,BEHAVIORS,Behaviors > Travel > Vacation Travelers,Vacation Travelers,Behaviors > Travel,2,TRAVEL,MEDIUM,2025-01-01
META-BEH-255,META,BEHAVIORS,Behaviors > Seasonal and Events,Seasonal and Events,Behaviors,1,"RETAIL,ENTERTAINMENT",HIGH,2025-01-01
META-BEH-256,META,BEHAVIORS,Behaviors > Seasonal and Events > Anniversary Within 30 Days,Anniversary Within 30 Days,Behaviors > Seasonal and Events,2,"RETAIL,ENTERTAINMENT",MEDIUM,2025-01-01
META-BEH-257,META,BEHAVIORS,Behaviors > Seasonal and Events > Birthday Within 30 Days,Birthday Within 30 Days,Behaviors > Seasonal and Events,2,"RETAIL,ENTERTAINMENT",MEDIUM,2025-01-01
META-BEH-258,META,BEHAVIORS,Behaviors > Seasonal and Events > Close Friends of Birthday,Close Friends of Birthday,Behaviors > Seasonal and Events,2,"RETAIL,ENTERTAINMENT",MEDIUM,2025-01-01
META-BEH-259,META,BEHAVIORS,Behaviors > Seasonal and Events > Holiday Shoppers,Holiday Shoppers,Behaviors > Seasonal and Events,2,"RETAIL,ENTERTAINMENT",MEDIUM,2025-01-01
META-BEH-260,META,BEHAVIORS,Behaviors > Seasonal and Events > Valentine's Day,Valentine's Day,Behaviors > Seasonal and Events,2,"RETAIL,ENTERTAINMENT",MEDIUM,2025-01-01
META-BEH-261,META,BEHAVIORS,Behaviors > Seasonal and Events > Mother's Day,Mother's Day,Behaviors > Seasonal and Events,2,"RETAIL,ENTERTAINMENT",MEDIUM,2025-01-01
META-BEH-262,META,BEHAVIORS,Behaviors > Seasonal and Events > Father's Day,Father's Day,Behaviors > Seasonal and Events,2,"RETAIL,ENTERTAINMENT",MEDIUM,2025-01-01
META-BEH-263,META,BEHAVIORS,Behaviors > Seasonal and Events > Back to School,Back to School,Behaviors > Seasonal and Events,2,"RETAIL,ENTERTAINMENT",MEDIUM,2025-01-01
META-BEH-264,META,BEHAVIORS,Behaviors > Seasonal and Events > Halloween,Halloween,Behaviors > Seasonal and Events,2,"RETAIL,ENTERTAINMENT",MEDIUM,2025-01-01
META-BEH-265,META,BEHAVIORS,Behaviors > Seasonal and Events > Thanksgiving,Thanksgiving,Behaviors > Seasonal and Events,2,"RETAIL,ENTERTAINMENT",MEDIUM,2025-01-01
META-BEH-266,META,BEHAVIORS,Behaviors > Seasonal and Events > Black Friday,Black Friday,Behaviors > Seasonal and Events,2,"RETAIL,ENTERTAINMENT",MEDIUM,2025-01-01
META-BEH-267,META,BEHAVIORS,Behaviors > Seasonal and Events > Christmas,Christmas,Behaviors > Seasonal and Events,2,"RETAIL,ENTERTAINMENT",MEDIUM,2025-01-01
META-BEH-268,META,BEHAVIORS,Behaviors > Seasonal and Events > New Year's,New Year's,Behaviors > Seasonal and Events,2,"RETAIL,ENTERTAINMENT",MEDIUM,2025-01-01
META-DEMO-269,META,DEMOGRAPHICS,Demographics > Life Events,Life Events,Demographics,1,"RETAIL,FINANCIAL_SERVICES",HIGH,2025-01-01
META-DEMO-270,META,DEMOGRAPHICS,Demographics > Life Events > Away from Family,Away from Family,Demographics > Life Events,2,"RETAIL,FINANCIAL_SERVICES",MEDIUM,2025-01-01
META-DEMO-271,META,DEMOGRAPHICS,Demographics > Life Events > Away from Hometown,Away from Hometown,Demographics > Life Events,2,"RETAIL,FINANCIAL_SERVICES",MEDIUM,2025-01-01
META-DEMO-272,META,DEMOGRAPHICS,Demographics > Life Events > Long-Distance Relationship,Long-Distance Relationship,Demographics > Life Events,2,"RETAIL,FINANCIAL_SERVICES",MEDIUM,2025-01-01
META-DEMO-273,META,DEMOGRAPHICS,Demographics > Life Events > New Job,New Job,Demographics > Life Events,2,"RETAIL,FINANCIAL_SERVICES",MEDIUM,2025-01-01
META-DEMO-274,META,DEMOGRAPHICS,Demographics > Life Events > New Relationship,New Relationship,Demographics > Life Events,2,"RETAIL,FINANCIAL_SERVICES",MEDIUM,2025-01-01
META-DEMO-275,META,DEMOGRAPHICS,Demographics > Life Events > Newly Engaged,Newly Engaged,Demographics > Life Events,2,"RETAIL,FINANCIAL_SERVICES",MEDIUM,2025-01-01
META-DEMO-276,META,DEMOGRAPHICS,Demographics > Life Events > Newly Wed,Newly Wed,Demographics > Life Events,2,"RETAIL,FINANCIAL_SERVICES",MEDIUM,2025-01-01
META-DEMO-277,META,DEMOGRAPHICS,Demographics > Life Events > Recently Moved,Recently Moved,Demographics > Life Events,2,"RETAIL,FINANCIAL_SERVICES",MEDIUM,2025-01-01
META-DEMO-278,META,DEMOGRAPHICS,Demographics > Life Events > Upcoming Birthday,Upcoming Birthday,Demographics > Life Events,2,"RETAIL,FINANCIAL_SERVICES",MEDIUM,2025-01-01
META-DEMO-279,META,DEMOGRAPHICS,Demographics > Life Events > Friends of Newly Engaged,Friends of Newly Engaged,Demographics > Life Events,2,"RETAIL,FINANCIAL_SERVICES",MEDIUM,2025-01-01
META-DEMO-280,META,DEMOGRAPHICS,Demographics > Life Events > Friends of Newly Wed,Friends of Newly Wed,Demographics > Life Events,2,"RETAIL,FINANCIAL_SERVICES",MEDIUM,2025-01-01
META-DEMO-281,META,DEMOGRAPHICS,Demographics > Life Events > Friends of Recently Moved,Friends of Recently Moved,Demographics > Life Events,2,"RETAIL,FINANCIAL_SERVICES",MEDIUM,2025-01-01
META-DEMO-282,META,DEMOGRAPHICS,Demographics > Parents,Parents,Demographics,1,"CPG,RETAIL",HIGH,2025-01-01
META-DEMO-283,META,DEMOGRAPHICS,Demographics > Parents > All Parents,All Parents,Demographics > Parents,2,"CPG,RETAIL",MEDIUM,2025-01-01
META-DEMO-284,META,DEMOGRAPHICS,Demographics > Parents > Parents with Infants (0-1),Parents with Infants (0-1),Demographics > Parents,2,"CPG,RETAIL",MEDIUM,2025-01-01
META-DEMO-285,META,DEMOGRAPHICS,Demographics > Parents > Parents with Toddlers (1-2),Parents with Toddlers (1-2),Demographics > Parents,2,"CPG,RETAIL",MEDIUM,2025-01-01
META-DEMO-286,META,DEMOGRAPHICS,Demographics > Parents > Parents with Preschoolers (3-5),Parents with Preschoolers (3-5),Demographics > Parents,2,"CPG,RETAIL",MEDIUM,2025-01-01
META-DEMO-287,META,DEMOGRAPHICS,Demographics > Parents > Parents with Early School-age Children (6-8),Parents with Early School-age Children (6-8),Demographics > Parents,2,"CPG,RETAIL",MEDIUM,2025-01-01
META-DEMO-288,META,DEMOGRAPHICS,Demographics > Parents > Parents with Preteens (9-12),Parents with Preteens (9-12),Demographics > Parents,2,"CPG,RETAIL",MEDIUM,2025-01-01
META-DEMO-289,META,DEMOGRAPHICS,Demographics > Parents > Parents with Teenagers (13-17),Parents with Teenagers (13-17),Demographics > Parents,2,"CPG,RETAIL",MEDIUM,2025-01-01
META-DEMO-290,META,DEMOGRAPHICS,Demographics > Parents > Parents with Adult Children (18+),Parents with Adult Children (18+),Demographics > Parents,2,"CPG,RETAIL",MEDIUM,2025-01-01
META-DEMO-291,META,DEMOGRAPHICS,Demographics > Parents > Expecting Parents,Expecting Parents,Demographics > Parents,2,"CPG,RETAIL",MEDIUM,2025-01-01
META-DEMO-292,META,DEMOGRAPHICS,Demographics > Parents > New Parents,New Parents,Demographics > Parents,2,"CPG,RETAIL",MEDIUM,2025-01-01
META-DEMO-293,META,DEMOGRAPHICS,Demographics > Politics,Politics,Demographics,1,"NEWS,NONPROFIT",HIGH,2025-01-01
META-DEMO-294,META,DEMOGRAPHICS,Demographics > Politics > Conservative,Conservative,Demographics > Politics,2,"NEWS,NONPROFIT",MEDIUM,2025-01-01
META-DEMO-295,META,DEMOGRAPHICS,Demographics > Politics > Liberal,Liberal,Demographics > Politics,2,"NEWS,NONPROFIT",MEDIUM,2025-01-01
META-DEMO-296,META,DEMOGRAPHICS,Demographics > Politics > Moderate,Moderate,Demographics > Politics,2,"NEWS,NONPROFIT",MEDIUM,2025-01-01
META-DEMO-297,META,DEMOGRAPHICS,Demographics > Politics > Very Conservative,Very Conservative,Demographics > Politics,2,"NEWS,NONPROFIT",MEDIUM,2025-01-01
META-DEMO-298,META,DEMOGRAPHICS,Demographics > Politics > Very Liberal,Very Liberal,Demographics > Politics,2,"NEWS,NONPROFIT",MEDIUM,2025-01-01
META-DEMO-299,META,DEMOGRAPHICS,Demographics > Relationship,Relationship,Demographics,1,"RETAIL,ENTERTAINMENT",HIGH,2025-01-01
META-DEMO-300,META,DEMOGRAPHICS,Demographics > Relationship > Single,Single,Demographics > Relationship,2,"RETAIL,ENTERTAINMENT",MEDIUM,2025-01-01
META-DEMO-301,META,DEMOGRAPHICS,Demographics > Relationship > In a Relationship,In a Relationship,Demographics > Relationship,2,"RETAIL,ENTERTAINMENT",MEDIUM,2025-01-01
META-DEMO-302,META,DEMOGRAPHICS,Demographics > Relationship > Engaged,Engaged,Demographics > Relationship,2,"RETAIL,ENTERTAINMENT",MEDIUM,2025-01-01
META-DEMO-303,META,DEMOGRAPHICS,Demographics > Relationship > Married,Married,Demographics > Relationship,2,"RETAIL,ENTERTAINMENT",MEDIUM,2025-01-01
META-DEMO-304,META,DEMOGRAPHICS,Demographics > Relationship > Divorced,Divorced,Demographics > Relationship,2,"RETAIL,ENTERTAINMENT",MEDIUM,2025-01-01
META-DEMO-305,META,DEMOGRAPHICS,Demographics > Relationship > Widowed,Widowed,Demographics > Relationship,2,"RETAIL,ENTERTAINMENT",MEDIUM,2025-01-01
META-DEMO-306,META,DEMOGRAPHICS,Demographics > Relationship > In a Civil Union,In a Civil Union,Demographics > Relationship,2,"RETAIL,ENTERTAINMENT",MEDIUM,2025-01-01
META-DEMO-307,META,DEMOGRAPHICS,Demographics > Relationship > In a Domestic Partnership,In a Domestic Partnership,Demographics > Relationship,2,"RETAIL,ENTERTAINMENT",MEDIUM,2025-01-01
META-DEMO-308,META,DEMOGRAPHICS,Demographics > Work,Work,Demographics,1,"B2B,FINANCIAL_SERVICES",HIGH,2025-01-01
META-DEMO-309,META,DEMOGRAPHICS,Demographics > Work > Employers,Employers,Demographics > Work,2,"B2B,FINANCIAL_SERVICES",MEDIUM,2025-01-01
META-DEMO-310,META,DEMOGRAPHICS,Demographics > Work > Industries,Industries,Demographics > Work,2,"B2B,FINANCIAL_SERVICES",MEDIUM,2025-01-01
META-DEMO-311,META,DEMOGRAPHICS,Demographics > Work > Job Titles,Job Titles,Demographics > Work,2,"B2B,FINANCIAL_SERVICES",MEDIUM,2025-01-01
META-DEMO-312,META,DEMOGRAPHICS,Demographics > Work > Office Type,Office Type,Demographics > Work,2,"B2B,FINANCIAL_SERVICES",MEDIUM,2025-01-01
META-DEMO-313,META,DEMOGRAPHICS,Demographics > Work > Business Decision Makers,Business Decision Makers,Demographics > Work,2,"B2B,FINANCIAL_SERVICES",MEDIUM,2025-01-01
META-DEMO-314,META,DEMOGRAPHICS,Demographics > Work > IT Decision Makers,IT Decision Makers,Demographics > Work,2,"B2B,FINANCIAL_SERVICES",MEDIUM,2025-01-01
META-DEMO-315,META,DEMOGRAPHICS,Demographics > Work > Financial Decision Makers,Financial Decision Makers,Demographics > Work,2,"B2B,FINANCIAL_SERVICES",MEDIUM,2025-01-01
META-DEMO-316,META,DEMOGRAPHICS,Demographics > Education,Education,Demographics,1,"EDUCATION,B2B",HIGH,2025-01-01
META-DEMO-317,META,DEMOGRAPHICS,Demographics > Education > In College,In College,Demographics > Education,2,"EDUCATION,B2B",MEDIUM,2025-01-01
META-DEMO-318,META,DEMOGRAPHICS,Demographics > Education > In Graduate School,In Graduate School,Demographics > Education,2,"EDUCATION,B2B",MEDIUM,2025-01-01
META-DEMO-319,META,DEMOGRAPHICS,Demographics > Education > In High School,In High School,Demographics > Education,2,"EDUCATION,B2B",MEDIUM,2025-01-01
META-DEMO-320,META,DEMOGRAPHICS,Demographics > Education > College Graduate,College Graduate,Demographics > Education,2,"EDUCATION,B2B",MEDIUM,2025-01-01
META-DEMO-321,META,DEMOGRAPHICS,Demographics > Education > High School Graduate,High School Graduate,Demographics > Education,2,"EDUCATION,B2B",MEDIUM,2025-01-01
META-DEMO-322,META,DEMOGRAPHICS,Demographics > Education > Doctorate Degree,Doctorate Degree,Demographics > Education,2,"EDUCATION,B2B",MEDIUM,2025-01-01
META-DEMO-323,META,DEMOGRAPHICS,Demographics > Education > Professional Degree,Professional Degree,Demographics > Education,2,"EDUCATION,B2B",MEDIUM,2025-01-01
META-DEMO-324,META,DEMOGRAPHICS,Demographics > Education > Master's Degree,Master's Degree,Demographics > Education,2,"EDUCATION,B2B",MEDIUM,2025-01-01
META-DEMO-325,META,DEMOGRAPHICS,Demographics > Education > Some College,Some College,Demographics > Education,2,"EDUCATION,B2B",MEDIUM,2025-01-01
META-CUST-326,META,CUSTOM_AUDIENCE,Custom Audience > Website Visitors,Website Visitors,Custom Audience,1,ALL,NICHE,2025-01-01
META-CUST-327,META,CUSTOM_AUDIENCE,Custom Audience > App Activity,App Activity,Custom Audience,1,ALL,NICHE,2025-01-01
META-CUST-328,META,CUSTOM_AUDIENCE,Custom Audience > Customer List,Customer List,Custom Audience,1,ALL,NICHE,2025-01-01
META-CUST-329,META,CUSTOM_AUDIENCE,Custom Audience > Video Viewers,Video Viewers,Custom Audience,1,ALL,NICHE,2025-01-01
META-CUST-330,META,CUSTOM_AUDIENCE,Custom Audience > Lead Form Engagers,Lead Form Engagers,Custom Audience,1,ALL,NICHE,2025-01-01
META-CUST-331,META,CUSTOM_AUDIENCE,Custom Audience > Instant Experience Engagers,Instant Experience Engagers,Custom Audience,1,ALL,NICHE,2025-01-01
META-CUST-332,META,CUSTOM_AUDIENCE,Custom Audience > Shopping Activity,Shopping Activity,Custom Audience,1,RETAIL,NICHE,2025-01-01
META-CUST-333,META,CUSTOM_AUDIENCE,Custom Audience > Page Engagers,Page Engagers,Custom Audience,1,ALL,NICHE,2025-01-01
META-CUST-334,META,CUSTOM_AUDIENCE,Custom Audience > Event Responders,Event Responders,Custom Audience,1,ENTERTAINMENT,NICHE,2025-01-01
META-CUST-335,META,LOOKALIKE,Lookalike > Lookalike - 1% Top Customers,Lookalike - 1% Top Customers,Lookalike,1,ALL,NICHE,2025-01-01
META-CUST-336,META,LOOKALIKE,Lookalike > Lookalike - 2% Similar to Purchasers,Lookalike - 2% Similar to Purchasers,Lookalike,1,ALL,NICHE,2025-01-01
META-CUST-337,META,LOOKALIKE,Lookalike > Lookalike - 5% Website Visitors,Lookalike - 5% Website Visitors,Lookalike,1,ALL,NICHE,2025-01-01
META-CUST-338,META,LOOKALIKE,Lookalike > Lookalike - 10% Broad Reach,Lookalike - 10% Broad Reach,Lookalike,1,ALL,NICHE,2025-01-01
