mpa_vertical_code,mpa_channel_code,mpa_kpi_code,mpa_benchmark_metric_name,mpa_metric_low,mpa_metric_median,mpa_metric_high,mpa_metric_best,mpa_data_source,mpa_data_period,mpa_confidence_level,mpa_metric_unit,mpa_is_active,mpa_data_collection_date,mpa_data_period_start,mpa_data_period_end,mpa_freshness_score,mpa_sample_size,mpa_confidence_interval_low,mpa_confidence_interval_high,mpa_standard_deviation,mpa_methodology,mpa_seasonality_factor,mpa_market_conditions,mpa_audience_segment,mpa_trend_direction,mpa_trend_magnitude
ENTERTAINMENT,PAID_SEARCH,CPM,Cost Per Mille,14.0,26.0,48.0,11.0,eMarketer Entertainment Q4 2024,Q4 2024,High,$,Yes,2025-01-15,2024-10-01,2024-12-31,0.95,250,24.0,28.0,4.2,Platform Direct,Q4_NORMAL,NORMAL,GENERAL,STABLE,0.5
ENTERTAINMENT,PAID_SEARCH,CPC,Cost Per Click,0.7,2.0,4.5,0.45,eMarketer Entertainment Q4 2024,Q4 2024,High,$,Yes,2025-01-15,2024-10-01,2024-12-31,0.95,250,1.8,2.2,0.8,Platform Direct,Q4_NORMAL,NORMAL,GENERAL,STABLE,0.3
ENTERTAINMENT,PAID_SEARCH,CTR,Click-Through Rate,2.2,3.8,6.5,8.5,eMarketer Entertainment Q4 2024,Q4 2024,High,%,Yes,2025-01-15,2024-10-01,2024-12-31,0.95,250,3.5,4.1,1.0,Platform Direct,Q4_NORMAL,NORMAL,GENERAL,INCREASING,1.5
ENTERTAINMENT,PAID_SEARCH,CVR,Conversion Rate,2.0,3.5,7.0,10.5,eMarketer Entertainment Q4 2024,Q4 2024,Medium,%,Yes,2025-01-15,2024-10-01,2024-12-31,0.95,180,3.0,4.0,1.5,Platform Direct,Q4_NORMAL,NORMAL,GENERAL,STABLE,0.2
ENTERTAINMENT,PAID_SEARCH,CPA,Cost Per Acquisition,22.0,40.0,85.0,16.0,eMarketer Entertainment Q4 2024,Q4 2024,Medium,$,Yes,2025-01-15,2024-10-01,2024-12-31,0.95,180,35.0,45.0,12.0,Platform Direct,Q4_NORMAL,NORMAL,GENERAL,DECREASING,-2.0
ENTERTAINMENT,PAID_SEARCH,ROAS,Return on Ad Spend,2.8,4.5,9.0,13.5,eMarketer Entertainment Q4 2024,Q4 2024,Low,x,Yes,2025-01-15,2024-10-01,2024-12-31,0.95,120,4.0,5.0,1.8,Modeled,Q4_NORMAL,NORMAL,GENERAL,STABLE,0.5
ENTERTAINMENT,PAID_SOCIAL,CPM,Cost Per Mille,6.5,11.0,17.0,4.5,eMarketer Entertainment Q4 2024,Q4 2024,High,$,Yes,2025-01-15,2024-10-01,2024-12-31,0.95,280,10.0,12.0,2.5,Platform Direct,Q4_NORMAL,NORMAL,GENERAL,INCREASING,3.0
ENTERTAINMENT,PAID_SOCIAL,CPC,Cost Per Click,0.45,1.1,1.8,0.28,eMarketer Entertainment Q4 2024,Q4 2024,High,$,Yes,2025-01-15,2024-10-01,2024-12-31,0.95,280,1.0,1.2,0.3,Platform Direct,Q4_NORMAL,NORMAL,GENERAL,STABLE,0.5
ENTERTAINMENT,PAID_SOCIAL,CTR,Click-Through Rate,0.9,1.4,2.2,3.2,eMarketer Entertainment Q4 2024,Q4 2024,High,%,Yes,2025-01-15,2024-10-01,2024-12-31,0.95,280,1.3,1.5,0.4,Platform Direct,Q4_NORMAL,NORMAL,GENERAL,STABLE,0.2
ENTERTAINMENT,PAID_SOCIAL,CVR,Conversion Rate,1.8,3.0,5.5,8.5,eMarketer Entertainment Q4 2024,Q4 2024,Medium,%,Yes,2025-01-15,2024-10-01,2024-12-31,0.95,200,2.7,3.3,1.0,Platform Direct,Q4_NORMAL,NORMAL,GENERAL,INCREASING,1.8
ENTERTAINMENT,PAID_SOCIAL,CPA,Cost Per Acquisition,18.0,35.0,70.0,11.0,eMarketer Entertainment Q4 2024,Q4 2024,Medium,$,Yes,2025-01-15,2024-10-01,2024-12-31,0.95,200,30.0,40.0,10.0,Platform Direct,Q4_NORMAL,NORMAL,GENERAL,STABLE,0.3
ENTERTAINMENT,PAID_SOCIAL,ROAS,Return on Ad Spend,2.2,4.0,7.0,11.0,eMarketer Entertainment Q4 2024,Q4 2024,Low,x,Yes,2025-01-15,2024-10-01,2024-12-31,0.95,150,3.5,4.5,1.5,Modeled,Q4_NORMAL,NORMAL,GENERAL,STABLE,0.5
ENTERTAINMENT,PAID_SOCIAL,VTR,View-Through Rate,18.0,28.0,42.0,58.0,eMarketer Entertainment Q4 2024,Q4 2024,High,%,Yes,2025-01-15,2024-10-01,2024-12-31,0.95,280,26.0,30.0,5.0,Platform Direct,Q4_NORMAL,NORMAL,GENERAL,INCREASING,2.5
ENTERTAINMENT,PROGRAMMATIC_DISPLAY,CPM,Cost Per Mille,1.8,4.5,9.0,1.3,eMarketer Entertainment Q4 2024,Q4 2024,High,$,Yes,2025-01-15,2024-10-01,2024-12-31,0.95,220,4.0,5.0,1.5,Platform Direct,Q4_NORMAL,NORMAL,GENERAL,STABLE,0.8
ENTERTAINMENT,PROGRAMMATIC_DISPLAY,CPC,Cost Per Click,0.28,0.55,1.1,0.18,eMarketer Entertainment Q4 2024,Q4 2024,High,$,Yes,2025-01-15,2024-10-01,2024-12-31,0.95,220,0.5,0.6,0.15,Platform Direct,Q4_NORMAL,NORMAL,GENERAL,STABLE,0.5
ENTERTAINMENT,PROGRAMMATIC_DISPLAY,CTR,Click-Through Rate,0.09,0.14,0.28,0.45,eMarketer Entertainment Q4 2024,Q4 2024,High,%,Yes,2025-01-15,2024-10-01,2024-12-31,0.95,220,0.12,0.16,0.05,Platform Direct,Q4_NORMAL,NORMAL,GENERAL,STABLE,0.3
ENTERTAINMENT,PROGRAMMATIC_DISPLAY,CVR,Conversion Rate,0.6,1.1,2.2,3.8,eMarketer Entertainment Q4 2024,Q4 2024,Medium,%,Yes,2025-01-15,2024-10-01,2024-12-31,0.95,180,1.0,1.2,0.4,Platform Direct,Q4_NORMAL,NORMAL,GENERAL,STABLE,0.2
ENTERTAINMENT,PROGRAMMATIC_DISPLAY,CPA,Cost Per Acquisition,38.0,70.0,140.0,23.0,eMarketer Entertainment Q4 2024,Q4 2024,Medium,$,Yes,2025-01-15,2024-10-01,2024-12-31,0.95,180,60.0,80.0,20.0,Platform Direct,Q4_NORMAL,NORMAL,GENERAL,STABLE,0.5
ENTERTAINMENT,PROGRAMMATIC_DISPLAY,Viewability,Viewability Rate,52.0,64.0,77.0,87.0,eMarketer Entertainment Q4 2024,Q4 2024,High,%,Yes,2025-01-15,2024-10-01,2024-12-31,0.95,220,62.0,66.0,5.0,Platform Direct,Q4_NORMAL,NORMAL,GENERAL,INCREASING,1.5
ENTERTAINMENT,CTV_OTT,CPM,Cost Per Mille,18.0,30.0,42.0,14.0,eMarketer Entertainment Q4 2024,Q4 2024,High,$,Yes,2025-01-15,2024-10-01,2024-12-31,0.95,200,28.0,32.0,5.0,Platform Direct,Q4_NORMAL,NORMAL,GENERAL,DECREASING,-2.5
ENTERTAINMENT,CTV_OTT,CPCV,Cost Per Completed View,0.01,0.018,0.028,0.008,eMarketer Entertainment Q4 2024,Q4 2024,High,$,Yes,2025-01-15,2024-10-01,2024-12-31,0.95,200,0.016,0.020,0.004,Platform Direct,Q4_NORMAL,NORMAL,GENERAL,STABLE,0.3
ENTERTAINMENT,CTV_OTT,VTR,View-Through Rate,88.0,94.0,98.0,99.5,eMarketer Entertainment Q4 2024,Q4 2024,High,%,Yes,2025-01-15,2024-10-01,2024-12-31,0.95,200,93.0,95.0,2.0,Platform Direct,Q4_NORMAL,NORMAL,GENERAL,STABLE,0.2
ENTERTAINMENT,CTV_OTT,CTR,Click-Through Rate,0.35,0.55,0.85,1.3,eMarketer Entertainment Q4 2024,Q4 2024,Medium,%,Yes,2025-01-15,2024-10-01,2024-12-31,0.95,180,0.50,0.60,0.12,Platform Direct,Q4_NORMAL,NORMAL,GENERAL,INCREASING,2.0
ENTERTAINMENT,CTV_OTT,Viewability,Viewability Rate,72.0,84.0,93.0,98.0,eMarketer Entertainment Q4 2024,Q4 2024,High,%,Yes,2025-01-15,2024-10-01,2024-12-31,0.95,200,82.0,86.0,4.0,Platform Direct,Q4_NORMAL,NORMAL,GENERAL,STABLE,0.5
TELECOM,PAID_SEARCH,CPM,Cost Per Mille,18.0,32.0,58.0,14.0,IAB Telecom Benchmark Q4 2024,Q4 2024,High,$,Yes,2025-01-15,2024-10-01,2024-12-31,0.95,220,30.0,34.0,5.0,Platform Direct,Q4_NORMAL,HIGH_COMPETITION,GENERAL,INCREASING,2.5
TELECOM,PAID_SEARCH,CPC,Cost Per Click,0.9,2.5,5.5,0.6,IAB Telecom Benchmark Q4 2024,Q4 2024,High,$,Yes,2025-01-15,2024-10-01,2024-12-31,0.95,220,2.3,2.7,0.9,Platform Direct,Q4_NORMAL,HIGH_COMPETITION,GENERAL,STABLE,0.5
TELECOM,PAID_SEARCH,CTR,Click-Through Rate,2.0,3.2,5.5,7.5,IAB Telecom Benchmark Q4 2024,Q4 2024,High,%,Yes,2025-01-15,2024-10-01,2024-12-31,0.95,220,3.0,3.4,0.9,Platform Direct,Q4_NORMAL,HIGH_COMPETITION,GENERAL,STABLE,0.3
TELECOM,PAID_SEARCH,CVR,Conversion Rate,1.8,3.0,6.0,9.0,IAB Telecom Benchmark Q4 2024,Q4 2024,Medium,%,Yes,2025-01-15,2024-10-01,2024-12-31,0.95,160,2.7,3.3,1.2,Platform Direct,Q4_NORMAL,HIGH_COMPETITION,GENERAL,STABLE,0.2
TELECOM,PAID_SEARCH,CPA,Cost Per Acquisition,35.0,65.0,130.0,25.0,IAB Telecom Benchmark Q4 2024,Q4 2024,Medium,$,Yes,2025-01-15,2024-10-01,2024-12-31,0.95,160,58.0,72.0,18.0,Platform Direct,Q4_NORMAL,HIGH_COMPETITION,GENERAL,INCREASING,3.0
TELECOM,PAID_SEARCH,ROAS,Return on Ad Spend,2.0,3.5,7.0,10.5,IAB Telecom Benchmark Q4 2024,Q4 2024,Low,x,Yes,2025-01-15,2024-10-01,2024-12-31,0.95,100,3.0,4.0,1.5,Modeled,Q4_NORMAL,HIGH_COMPETITION,GENERAL,STABLE,0.5
TELECOM,PAID_SOCIAL,CPM,Cost Per Mille,8.0,14.0,22.0,5.5,IAB Telecom Benchmark Q4 2024,Q4 2024,High,$,Yes,2025-01-15,2024-10-01,2024-12-31,0.95,240,13.0,15.0,3.0,Platform Direct,Q4_NORMAL,HIGH_COMPETITION,GENERAL,INCREASING,4.0
TELECOM,PAID_SOCIAL,CPC,Cost Per Click,0.55,1.3,2.2,0.35,IAB Telecom Benchmark Q4 2024,Q4 2024,High,$,Yes,2025-01-15,2024-10-01,2024-12-31,0.95,240,1.2,1.4,0.35,Platform Direct,Q4_NORMAL,HIGH_COMPETITION,GENERAL,STABLE,0.5
TELECOM,PAID_SOCIAL,CTR,Click-Through Rate,0.7,1.1,1.8,2.8,IAB Telecom Benchmark Q4 2024,Q4 2024,High,%,Yes,2025-01-15,2024-10-01,2024-12-31,0.95,240,1.0,1.2,0.35,Platform Direct,Q4_NORMAL,HIGH_COMPETITION,GENERAL,STABLE,0.3
TELECOM,PAID_SOCIAL,CVR,Conversion Rate,1.2,2.2,4.5,7.0,IAB Telecom Benchmark Q4 2024,Q4 2024,Medium,%,Yes,2025-01-15,2024-10-01,2024-12-31,0.95,180,2.0,2.4,0.8,Platform Direct,Q4_NORMAL,HIGH_COMPETITION,GENERAL,STABLE,0.2
TELECOM,PAID_SOCIAL,CPA,Cost Per Acquisition,28.0,52.0,105.0,18.0,IAB Telecom Benchmark Q4 2024,Q4 2024,Medium,$,Yes,2025-01-15,2024-10-01,2024-12-31,0.95,180,45.0,59.0,14.0,Platform Direct,Q4_NORMAL,HIGH_COMPETITION,GENERAL,STABLE,0.5
TELECOM,PAID_SOCIAL,ROAS,Return on Ad Spend,1.8,3.2,5.5,9.0,IAB Telecom Benchmark Q4 2024,Q4 2024,Low,x,Yes,2025-01-15,2024-10-01,2024-12-31,0.95,120,2.8,3.6,1.2,Modeled,Q4_NORMAL,HIGH_COMPETITION,GENERAL,STABLE,0.3
TELECOM,PAID_SOCIAL,VTR,View-Through Rate,14.0,22.0,35.0,50.0,IAB Telecom Benchmark Q4 2024,Q4 2024,High,%,Yes,2025-01-15,2024-10-01,2024-12-31,0.95,240,20.0,24.0,4.5,Platform Direct,Q4_NORMAL,HIGH_COMPETITION,GENERAL,INCREASING,2.0
TELECOM,PROGRAMMATIC_DISPLAY,CPM,Cost Per Mille,2.2,5.5,11.0,1.6,IAB Telecom Benchmark Q4 2024,Q4 2024,High,$,Yes,2025-01-15,2024-10-01,2024-12-31,0.95,200,5.0,6.0,1.8,Platform Direct,Q4_NORMAL,HIGH_COMPETITION,GENERAL,STABLE,0.8
TELECOM,PROGRAMMATIC_DISPLAY,CPC,Cost Per Click,0.32,0.65,1.3,0.22,IAB Telecom Benchmark Q4 2024,Q4 2024,High,$,Yes,2025-01-15,2024-10-01,2024-12-31,0.95,200,0.58,0.72,0.18,Platform Direct,Q4_NORMAL,HIGH_COMPETITION,GENERAL,STABLE,0.5
TELECOM,PROGRAMMATIC_DISPLAY,CTR,Click-Through Rate,0.07,0.11,0.22,0.38,IAB Telecom Benchmark Q4 2024,Q4 2024,High,%,Yes,2025-01-15,2024-10-01,2024-12-31,0.95,200,0.10,0.12,0.04,Platform Direct,Q4_NORMAL,HIGH_COMPETITION,GENERAL,STABLE,0.3
TELECOM,PROGRAMMATIC_DISPLAY,CVR,Conversion Rate,0.45,0.85,1.7,3.0,IAB Telecom Benchmark Q4 2024,Q4 2024,Medium,%,Yes,2025-01-15,2024-10-01,2024-12-31,0.95,160,0.75,0.95,0.35,Platform Direct,Q4_NORMAL,HIGH_COMPETITION,GENERAL,STABLE,0.2
TELECOM,PROGRAMMATIC_DISPLAY,CPA,Cost Per Acquisition,48.0,90.0,180.0,32.0,IAB Telecom Benchmark Q4 2024,Q4 2024,Medium,$,Yes,2025-01-15,2024-10-01,2024-12-31,0.95,160,78.0,102.0,25.0,Platform Direct,Q4_NORMAL,HIGH_COMPETITION,GENERAL,STABLE,0.5
TELECOM,PROGRAMMATIC_DISPLAY,Viewability,Viewability Rate,48.0,60.0,73.0,84.0,IAB Telecom Benchmark Q4 2024,Q4 2024,High,%,Yes,2025-01-15,2024-10-01,2024-12-31,0.95,200,58.0,62.0,5.0,Platform Direct,Q4_NORMAL,HIGH_COMPETITION,GENERAL,INCREASING,1.5
TELECOM,CTV_OTT,CPM,Cost Per Mille,22.0,35.0,48.0,17.0,IAB Telecom Benchmark Q4 2024,Q4 2024,High,$,Yes,2025-01-15,2024-10-01,2024-12-31,0.95,180,33.0,37.0,5.5,Platform Direct,Q4_NORMAL,HIGH_COMPETITION,GENERAL,DECREASING,-1.5
TELECOM,CTV_OTT,CPCV,Cost Per Completed View,0.012,0.02,0.032,0.01,IAB Telecom Benchmark Q4 2024,Q4 2024,High,$,Yes,2025-01-15,2024-10-01,2024-12-31,0.95,180,0.018,0.022,0.005,Platform Direct,Q4_NORMAL,HIGH_COMPETITION,GENERAL,STABLE,0.3
TELECOM,CTV_OTT,VTR,View-Through Rate,84.0,91.0,96.0,99.0,IAB Telecom Benchmark Q4 2024,Q4 2024,High,%,Yes,2025-01-15,2024-10-01,2024-12-31,0.95,180,90.0,92.0,2.2,Platform Direct,Q4_NORMAL,HIGH_COMPETITION,GENERAL,STABLE,0.2
TELECOM,CTV_OTT,CTR,Click-Through Rate,0.28,0.48,0.75,1.15,IAB Telecom Benchmark Q4 2024,Q4 2024,Medium,%,Yes,2025-01-15,2024-10-01,2024-12-31,0.95,160,0.44,0.52,0.1,Platform Direct,Q4_NORMAL,HIGH_COMPETITION,GENERAL,INCREASING,1.8
TELECOM,CTV_OTT,Viewability,Viewability Rate,68.0,80.0,90.0,96.0,IAB Telecom Benchmark Q4 2024,Q4 2024,High,%,Yes,2025-01-15,2024-10-01,2024-12-31,0.95,180,78.0,82.0,4.5,Platform Direct,Q4_NORMAL,HIGH_COMPETITION,GENERAL,STABLE,0.5
GAMING,PAID_SEARCH,CPM,Cost Per Mille,12.0,22.0,40.0,9.0,SuperData Gaming Report Q4 2024,Q4 2024,High,$,Yes,2025-01-15,2024-10-01,2024-12-31,0.95,200,20.0,24.0,4.0,Platform Direct,Q4_NORMAL,NORMAL,GENERAL,STABLE,0.5
GAMING,PAID_SEARCH,CPC,Cost Per Click,0.6,1.8,4.0,0.4,SuperData Gaming Report Q4 2024,Q4 2024,High,$,Yes,2025-01-15,2024-10-01,2024-12-31,0.95,200,1.6,2.0,0.7,Platform Direct,Q4_NORMAL,NORMAL,GENERAL,STABLE,0.3
GAMING,PAID_SEARCH,CTR,Click-Through Rate,2.5,4.2,7.0,9.5,SuperData Gaming Report Q4 2024,Q4 2024,High,%,Yes,2025-01-15,2024-10-01,2024-12-31,0.95,200,3.9,4.5,1.1,Platform Direct,Q4_NORMAL,NORMAL,GENERAL,INCREASING,2.0
GAMING,PAID_SEARCH,CVR,Conversion Rate,2.5,4.2,8.5,12.5,SuperData Gaming Report Q4 2024,Q4 2024,Medium,%,Yes,2025-01-15,2024-10-01,2024-12-31,0.95,150,3.8,4.6,1.5,Platform Direct,Q4_NORMAL,NORMAL,GENERAL,STABLE,0.3
GAMING,PAID_SEARCH,CPA,Cost Per Acquisition,18.0,35.0,72.0,12.0,SuperData Gaming Report Q4 2024,Q4 2024,Medium,$,Yes,2025-01-15,2024-10-01,2024-12-31,0.95,150,30.0,40.0,10.0,Platform Direct,Q4_NORMAL,NORMAL,GENERAL,DECREASING,-2.5
GAMING,PAID_SEARCH,ROAS,Return on Ad Spend,3.0,5.0,10.0,15.0,SuperData Gaming Report Q4 2024,Q4 2024,Low,x,Yes,2025-01-15,2024-10-01,2024-12-31,0.95,100,4.5,5.5,2.0,Modeled,Q4_NORMAL,NORMAL,GENERAL,STABLE,0.5
GAMING,PAID_SOCIAL,CPM,Cost Per Mille,5.5,9.5,15.0,4.0,SuperData Gaming Report Q4 2024,Q4 2024,High,$,Yes,2025-01-15,2024-10-01,2024-12-31,0.95,250,8.5,10.5,2.2,Platform Direct,Q4_NORMAL,NORMAL,GENERAL,INCREASING,3.5
GAMING,PAID_SOCIAL,CPC,Cost Per Click,0.4,0.95,1.6,0.25,SuperData Gaming Report Q4 2024,Q4 2024,High,$,Yes,2025-01-15,2024-10-01,2024-12-31,0.95,250,0.85,1.05,0.28,Platform Direct,Q4_NORMAL,NORMAL,GENERAL,STABLE,0.5
GAMING,PAID_SOCIAL,CTR,Click-Through Rate,1.0,1.6,2.5,3.8,SuperData Gaming Report Q4 2024,Q4 2024,High,%,Yes,2025-01-15,2024-10-01,2024-12-31,0.95,250,1.5,1.7,0.42,Platform Direct,Q4_NORMAL,NORMAL,GENERAL,STABLE,0.3
GAMING,PAID_SOCIAL,CVR,Conversion Rate,2.0,3.5,6.5,10.0,SuperData Gaming Report Q4 2024,Q4 2024,Medium,%,Yes,2025-01-15,2024-10-01,2024-12-31,0.95,180,3.2,3.8,1.1,Platform Direct,Q4_NORMAL,NORMAL,GENERAL,INCREASING,2.0
GAMING,PAID_SOCIAL,CPA,Cost Per Acquisition,15.0,28.0,58.0,10.0,SuperData Gaming Report Q4 2024,Q4 2024,Medium,$,Yes,2025-01-15,2024-10-01,2024-12-31,0.95,180,24.0,32.0,8.0,Platform Direct,Q4_NORMAL,NORMAL,GENERAL,STABLE,0.5
GAMING,PAID_SOCIAL,ROAS,Return on Ad Spend,2.5,4.5,8.0,12.5,SuperData Gaming Report Q4 2024,Q4 2024,Low,x,Yes,2025-01-15,2024-10-01,2024-12-31,0.95,120,4.0,5.0,1.5,Modeled,Q4_NORMAL,NORMAL,GENERAL,STABLE,0.5
GAMING,PAID_SOCIAL,VTR,View-Through Rate,20.0,32.0,48.0,65.0,SuperData Gaming Report Q4 2024,Q4 2024,High,%,Yes,2025-01-15,2024-10-01,2024-12-31,0.95,250,30.0,34.0,5.5,Platform Direct,Q4_NORMAL,NORMAL,GENERAL,INCREASING,3.0
GAMING,PROGRAMMATIC_DISPLAY,CPM,Cost Per Mille,1.6,4.0,8.0,1.2,SuperData Gaming Report Q4 2024,Q4 2024,High,$,Yes,2025-01-15,2024-10-01,2024-12-31,0.95,200,3.5,4.5,1.4,Platform Direct,Q4_NORMAL,NORMAL,GENERAL,STABLE,0.8
GAMING,PROGRAMMATIC_DISPLAY,CPC,Cost Per Click,0.25,0.5,1.0,0.16,SuperData Gaming Report Q4 2024,Q4 2024,High,$,Yes,2025-01-15,2024-10-01,2024-12-31,0.95,200,0.45,0.55,0.14,Platform Direct,Q4_NORMAL,NORMAL,GENERAL,STABLE,0.5
GAMING,PROGRAMMATIC_DISPLAY,CTR,Click-Through Rate,0.1,0.16,0.32,0.52,SuperData Gaming Report Q4 2024,Q4 2024,High,%,Yes,2025-01-15,2024-10-01,2024-12-31,0.95,200,0.14,0.18,0.05,Platform Direct,Q4_NORMAL,NORMAL,GENERAL,STABLE,0.3
GAMING,PROGRAMMATIC_DISPLAY,CVR,Conversion Rate,0.7,1.3,2.6,4.5,SuperData Gaming Report Q4 2024,Q4 2024,Medium,%,Yes,2025-01-15,2024-10-01,2024-12-31,0.95,150,1.15,1.45,0.45,Platform Direct,Q4_NORMAL,NORMAL,GENERAL,STABLE,0.2
GAMING,PROGRAMMATIC_DISPLAY,CPA,Cost Per Acquisition,32.0,60.0,120.0,20.0,SuperData Gaming Report Q4 2024,Q4 2024,Medium,$,Yes,2025-01-15,2024-10-01,2024-12-31,0.95,150,52.0,68.0,18.0,Platform Direct,Q4_NORMAL,NORMAL,GENERAL,STABLE,0.5
GAMING,PROGRAMMATIC_DISPLAY,Viewability,Viewability Rate,55.0,68.0,80.0,90.0,SuperData Gaming Report Q4 2024,Q4 2024,High,%,Yes,2025-01-15,2024-10-01,2024-12-31,0.95,200,66.0,70.0,5.0,Platform Direct,Q4_NORMAL,NORMAL,GENERAL,INCREASING,1.8
GAMING,CTV_OTT,CPM,Cost Per Mille,16.0,28.0,38.0,12.0,SuperData Gaming Report Q4 2024,Q4 2024,High,$,Yes,2025-01-15,2024-10-01,2024-12-31,0.95,180,26.0,30.0,4.5,Platform Direct,Q4_NORMAL,NORMAL,GENERAL,DECREASING,-3.0
GAMING,CTV_OTT,CPCV,Cost Per Completed View,0.009,0.016,0.025,0.007,SuperData Gaming Report Q4 2024,Q4 2024,High,$,Yes,2025-01-15,2024-10-01,2024-12-31,0.95,180,0.014,0.018,0.004,Platform Direct,Q4_NORMAL,NORMAL,GENERAL,STABLE,0.3
GAMING,CTV_OTT,VTR,View-Through Rate,90.0,96.0,99.0,99.8,SuperData Gaming Report Q4 2024,Q4 2024,High,%,Yes,2025-01-15,2024-10-01,2024-12-31,0.95,180,95.0,97.0,1.8,Platform Direct,Q4_NORMAL,NORMAL,GENERAL,STABLE,0.2
GAMING,CTV_OTT,CTR,Click-Through Rate,0.4,0.65,1.0,1.5,SuperData Gaming Report Q4 2024,Q4 2024,Medium,%,Yes,2025-01-15,2024-10-01,2024-12-31,0.95,140,0.60,0.70,0.14,Platform Direct,Q4_NORMAL,NORMAL,GENERAL,INCREASING,2.5
GAMING,CTV_OTT,Viewability,Viewability Rate,75.0,88.0,95.0,99.0,SuperData Gaming Report Q4 2024,Q4 2024,High,%,Yes,2025-01-15,2024-10-01,2024-12-31,0.95,180,86.0,90.0,4.0,Platform Direct,Q4_NORMAL,NORMAL,GENERAL,STABLE,0.5
HOSPITALITY,PAID_SEARCH,CPM,Cost Per Mille,15.0,28.0,52.0,11.0,STR Hospitality Report Q4 2024,Q4 2024,High,$,Yes,2025-01-15,2024-10-01,2024-12-31,0.95,180,26.0,30.0,4.5,Platform Direct,Q4_HOLIDAY,NORMAL,GENERAL,INCREASING,5.0
HOSPITALITY,PAID_SEARCH,CPC,Cost Per Click,0.75,2.1,4.8,0.5,STR Hospitality Report Q4 2024,Q4 2024,High,$,Yes,2025-01-15,2024-10-01,2024-12-31,0.95,180,1.9,2.3,0.75,Platform Direct,Q4_HOLIDAY,NORMAL,GENERAL,STABLE,0.5
HOSPITALITY,PAID_SEARCH,CTR,Click-Through Rate,2.3,4.0,6.8,9.0,STR Hospitality Report Q4 2024,Q4 2024,High,%,Yes,2025-01-15,2024-10-01,2024-12-31,0.95,180,3.7,4.3,1.0,Platform Direct,Q4_HOLIDAY,NORMAL,GENERAL,STABLE,0.3
HOSPITALITY,PAID_SEARCH,CVR,Conversion Rate,2.2,3.8,7.5,11.0,STR Hospitality Report Q4 2024,Q4 2024,Medium,%,Yes,2025-01-15,2024-10-01,2024-12-31,0.95,140,3.4,4.2,1.4,Platform Direct,Q4_HOLIDAY,NORMAL,GENERAL,INCREASING,2.5
HOSPITALITY,PAID_SEARCH,CPA,Cost Per Acquisition,28.0,52.0,105.0,20.0,STR Hospitality Report Q4 2024,Q4 2024,Medium,$,Yes,2025-01-15,2024-10-01,2024-12-31,0.95,140,45.0,59.0,14.0,Platform Direct,Q4_HOLIDAY,NORMAL,GENERAL,STABLE,0.5
HOSPITALITY,PAID_SEARCH,ROAS,Return on Ad Spend,3.5,6.0,12.0,18.0,STR Hospitality Report Q4 2024,Q4 2024,Low,x,Yes,2025-01-15,2024-10-01,2024-12-31,0.95,100,5.5,6.5,2.2,Modeled,Q4_HOLIDAY,NORMAL,GENERAL,STABLE,0.5
RETAIL,PAID_SEARCH,CPM,Cost Per Mille,16.0,28.0,52.0,12.0,eMarketer Retail Q4 2024,Q4 2024,High,$,Yes,2025-01-15,2024-10-01,2024-12-31,0.95,300,26.0,30.0,4.5,Platform Direct,Q4_HIGH,NORMAL,GENERAL,INCREASING,3.5
RETAIL,PAID_SEARCH,CPC,Cost Per Click,0.8,2.2,4.8,0.5,eMarketer Retail Q4 2024,Q4 2024,High,$,Yes,2025-01-15,2024-10-01,2024-12-31,0.95,300,2.0,2.4,0.85,Platform Direct,Q4_HIGH,NORMAL,GENERAL,STABLE,0.5
RETAIL,PAID_SEARCH,CTR,Click-Through Rate,2.5,4.2,7.0,9.5,eMarketer Retail Q4 2024,Q4 2024,High,%,Yes,2025-01-15,2024-10-01,2024-12-31,0.95,300,3.9,4.5,1.1,Platform Direct,Q4_HIGH,NORMAL,GENERAL,INCREASING,2.0
RETAIL,PAID_SEARCH,CVR,Conversion Rate,2.5,4.2,8.0,12.0,eMarketer Retail Q4 2024,Q4 2024,High,%,Yes,2025-01-15,2024-10-01,2024-12-31,0.95,280,3.8,4.6,1.6,Platform Direct,Q4_HIGH,NORMAL,GENERAL,STABLE,0.5
RETAIL,PAID_SEARCH,CPA,Cost Per Acquisition,18.0,35.0,72.0,12.0,eMarketer Retail Q4 2024,Q4 2024,Medium,$,Yes,2025-01-15,2024-10-01,2024-12-31,0.95,250,30.0,40.0,11.0,Platform Direct,Q4_HIGH,NORMAL,GENERAL,DECREASING,-1.5
RETAIL,PAID_SEARCH,ROAS,Return on Ad Spend,3.5,5.5,11.0,16.5,eMarketer Retail Q4 2024,Q4 2024,Medium,x,Yes,2025-01-15,2024-10-01,2024-12-31,0.95,200,5.0,6.0,2.0,Modeled,Q4_HIGH,NORMAL,GENERAL,STABLE,0.5
RETAIL,PAID_SOCIAL,CPM,Cost Per Mille,7.0,12.0,19.0,5.0,eMarketer Retail Q4 2024,Q4 2024,High,$,Yes,2025-01-15,2024-10-01,2024-12-31,0.95,320,11.0,13.0,2.8,Platform Direct,Q4_HIGH,NORMAL,GENERAL,INCREASING,4.5
RETAIL,PAID_SOCIAL,CPC,Cost Per Click,0.5,1.2,2.0,0.32,eMarketer Retail Q4 2024,Q4 2024,High,$,Yes,2025-01-15,2024-10-01,2024-12-31,0.95,320,1.1,1.3,0.32,Platform Direct,Q4_HIGH,NORMAL,GENERAL,STABLE,0.5
RETAIL,PAID_SOCIAL,CTR,Click-Through Rate,0.95,1.5,2.4,3.5,eMarketer Retail Q4 2024,Q4 2024,High,%,Yes,2025-01-15,2024-10-01,2024-12-31,0.95,320,1.4,1.6,0.42,Platform Direct,Q4_HIGH,NORMAL,GENERAL,STABLE,0.3
RETAIL,PAID_SOCIAL,CVR,Conversion Rate,2.2,3.8,6.5,10.0,eMarketer Retail Q4 2024,Q4 2024,High,%,Yes,2025-01-15,2024-10-01,2024-12-31,0.95,280,3.5,4.1,1.1,Platform Direct,Q4_HIGH,NORMAL,GENERAL,INCREASING,2.5
RETAIL,PAID_SOCIAL,CPA,Cost Per Acquisition,15.0,28.0,58.0,9.0,eMarketer Retail Q4 2024,Q4 2024,Medium,$,Yes,2025-01-15,2024-10-01,2024-12-31,0.95,250,24.0,32.0,9.0,Platform Direct,Q4_HIGH,NORMAL,GENERAL,STABLE,0.5
RETAIL,PAID_SOCIAL,ROAS,Return on Ad Spend,2.8,4.8,8.5,13.0,eMarketer Retail Q4 2024,Q4 2024,Medium,x,Yes,2025-01-15,2024-10-01,2024-12-31,0.95,200,4.3,5.3,1.6,Modeled,Q4_HIGH,NORMAL,GENERAL,STABLE,0.5
RETAIL,PAID_SOCIAL,VTR,View-Through Rate,20.0,32.0,48.0,65.0,eMarketer Retail Q4 2024,Q4 2024,High,%,Yes,2025-01-15,2024-10-01,2024-12-31,0.95,320,30.0,34.0,5.5,Platform Direct,Q4_HIGH,NORMAL,GENERAL,INCREASING,3.0
RETAIL,PROGRAMMATIC_DISPLAY,CPM,Cost Per Mille,2.0,5.0,10.0,1.5,eMarketer Retail Q4 2024,Q4 2024,High,$,Yes,2025-01-15,2024-10-01,2024-12-31,0.95,280,4.5,5.5,1.6,Platform Direct,Q4_HIGH,NORMAL,GENERAL,STABLE,1.0
RETAIL,PROGRAMMATIC_DISPLAY,CPC,Cost Per Click,0.3,0.6,1.2,0.2,eMarketer Retail Q4 2024,Q4 2024,High,$,Yes,2025-01-15,2024-10-01,2024-12-31,0.95,280,0.55,0.65,0.16,Platform Direct,Q4_HIGH,NORMAL,GENERAL,STABLE,0.5
RETAIL,PROGRAMMATIC_DISPLAY,CTR,Click-Through Rate,0.1,0.16,0.32,0.5,eMarketer Retail Q4 2024,Q4 2024,High,%,Yes,2025-01-15,2024-10-01,2024-12-31,0.95,280,0.14,0.18,0.06,Platform Direct,Q4_HIGH,NORMAL,GENERAL,STABLE,0.3
RETAIL,PROGRAMMATIC_DISPLAY,CVR,Conversion Rate,0.7,1.3,2.6,4.5,eMarketer Retail Q4 2024,Q4 2024,Medium,%,Yes,2025-01-15,2024-10-01,2024-12-31,0.95,240,1.2,1.4,0.45,Platform Direct,Q4_HIGH,NORMAL,GENERAL,STABLE,0.3
RETAIL,PROGRAMMATIC_DISPLAY,CPA,Cost Per Acquisition,32.0,62.0,125.0,20.0,eMarketer Retail Q4 2024,Q4 2024,Medium,$,Yes,2025-01-15,2024-10-01,2024-12-31,0.95,240,54.0,70.0,18.0,Platform Direct,Q4_HIGH,NORMAL,GENERAL,STABLE,0.5
RETAIL,PROGRAMMATIC_DISPLAY,Viewability,Viewability Rate,54.0,66.0,79.0,89.0,eMarketer Retail Q4 2024,Q4 2024,High,%,Yes,2025-01-15,2024-10-01,2024-12-31,0.95,280,64.0,68.0,5.0,Platform Direct,Q4_HIGH,NORMAL,GENERAL,INCREASING,1.5
RETAIL,CTV_OTT,CPM,Cost Per Mille,20.0,32.0,45.0,15.0,eMarketer Retail Q4 2024,Q4 2024,High,$,Yes,2025-01-15,2024-10-01,2024-12-31,0.95,240,30.0,34.0,5.5,Platform Direct,Q4_HIGH,NORMAL,GENERAL,DECREASING,-2.0
RETAIL,CTV_OTT,CPCV,Cost Per Completed View,0.011,0.019,0.03,0.009,eMarketer Retail Q4 2024,Q4 2024,High,$,Yes,2025-01-15,2024-10-01,2024-12-31,0.95,240,0.017,0.021,0.004,Platform Direct,Q4_HIGH,NORMAL,GENERAL,STABLE,0.3
RETAIL,CTV_OTT,VTR,View-Through Rate,86.0,93.0,97.0,99.0,eMarketer Retail Q4 2024,Q4 2024,High,%,Yes,2025-01-15,2024-10-01,2024-12-31,0.95,240,92.0,94.0,2.2,Platform Direct,Q4_HIGH,NORMAL,GENERAL,STABLE,0.2
RETAIL,CTV_OTT,CTR,Click-Through Rate,0.32,0.52,0.8,1.25,eMarketer Retail Q4 2024,Q4 2024,Medium,%,Yes,2025-01-15,2024-10-01,2024-12-31,0.95,200,0.48,0.56,0.11,Platform Direct,Q4_HIGH,NORMAL,GENERAL,INCREASING,2.0
RETAIL,CTV_OTT,Viewability,Viewability Rate,70.0,82.0,91.0,97.0,eMarketer Retail Q4 2024,Q4 2024,High,%,Yes,2025-01-15,2024-10-01,2024-12-31,0.95,240,80.0,84.0,4.2,Platform Direct,Q4_HIGH,NORMAL,GENERAL,STABLE,0.5
ECOMMERCE,PAID_SEARCH,CPM,Cost Per Mille,18.0,32.0,58.0,14.0,eMarketer Ecommerce Q4 2024,Q4 2024,High,$,Yes,2025-01-15,2024-10-01,2024-12-31,0.95,320,30.0,34.0,5.0,Platform Direct,Q4_HIGH,HIGH_COMPETITION,GENERAL,INCREASING,4.0
ECOMMERCE,PAID_SEARCH,CPC,Cost Per Click,0.9,2.5,5.5,0.6,eMarketer Ecommerce Q4 2024,Q4 2024,High,$,Yes,2025-01-15,2024-10-01,2024-12-31,0.95,320,2.3,2.7,0.95,Platform Direct,Q4_HIGH,HIGH_COMPETITION,GENERAL,STABLE,0.8
ECOMMERCE,PAID_SEARCH,CTR,Click-Through Rate,2.8,4.5,7.5,10.0,eMarketer Ecommerce Q4 2024,Q4 2024,High,%,Yes,2025-01-15,2024-10-01,2024-12-31,0.95,320,4.2,4.8,1.2,Platform Direct,Q4_HIGH,HIGH_COMPETITION,GENERAL,INCREASING,2.5
ECOMMERCE,PAID_SEARCH,CVR,Conversion Rate,3.0,5.0,9.5,14.0,eMarketer Ecommerce Q4 2024,Q4 2024,High,%,Yes,2025-01-15,2024-10-01,2024-12-31,0.95,300,4.6,5.4,1.8,Platform Direct,Q4_HIGH,HIGH_COMPETITION,GENERAL,STABLE,0.5
ECOMMERCE,PAID_SEARCH,CPA,Cost Per Acquisition,15.0,28.0,58.0,10.0,eMarketer Ecommerce Q4 2024,Q4 2024,Medium,$,Yes,2025-01-15,2024-10-01,2024-12-31,0.95,280,24.0,32.0,9.5,Platform Direct,Q4_HIGH,HIGH_COMPETITION,GENERAL,DECREASING,-2.0
ECOMMERCE,PAID_SEARCH,ROAS,Return on Ad Spend,4.0,6.5,13.0,19.5,eMarketer Ecommerce Q4 2024,Q4 2024,Medium,x,Yes,2025-01-15,2024-10-01,2024-12-31,0.95,220,5.8,7.2,2.2,Modeled,Q4_HIGH,HIGH_COMPETITION,GENERAL,STABLE,0.5
ECOMMERCE,PAID_SOCIAL,CPM,Cost Per Mille,8.0,14.0,22.0,5.5,eMarketer Ecommerce Q4 2024,Q4 2024,High,$,Yes,2025-01-15,2024-10-01,2024-12-31,0.95,340,13.0,15.0,3.0,Platform Direct,Q4_HIGH,HIGH_COMPETITION,GENERAL,INCREASING,5.0
ECOMMERCE,PAID_SOCIAL,CPC,Cost Per Click,0.55,1.35,2.2,0.35,eMarketer Ecommerce Q4 2024,Q4 2024,High,$,Yes,2025-01-15,2024-10-01,2024-12-31,0.95,340,1.25,1.45,0.35,Platform Direct,Q4_HIGH,HIGH_COMPETITION,GENERAL,STABLE,0.5
ECOMMERCE,PAID_SOCIAL,CTR,Click-Through Rate,1.0,1.6,2.6,3.8,eMarketer Ecommerce Q4 2024,Q4 2024,High,%,Yes,2025-01-15,2024-10-01,2024-12-31,0.95,340,1.5,1.7,0.45,Platform Direct,Q4_HIGH,HIGH_COMPETITION,GENERAL,STABLE,0.3
ECOMMERCE,PAID_SOCIAL,CVR,Conversion Rate,2.5,4.2,7.5,11.5,eMarketer Ecommerce Q4 2024,Q4 2024,High,%,Yes,2025-01-15,2024-10-01,2024-12-31,0.95,300,3.9,4.5,1.2,Platform Direct,Q4_HIGH,HIGH_COMPETITION,GENERAL,INCREASING,3.0
ECOMMERCE,PAID_SOCIAL,CPA,Cost Per Acquisition,12.0,24.0,48.0,8.0,eMarketer Ecommerce Q4 2024,Q4 2024,Medium,$,Yes,2025-01-15,2024-10-01,2024-12-31,0.95,280,21.0,27.0,7.5,Platform Direct,Q4_HIGH,HIGH_COMPETITION,GENERAL,STABLE,0.5
ECOMMERCE,PAID_SOCIAL,ROAS,Return on Ad Spend,3.2,5.5,10.0,15.0,eMarketer Ecommerce Q4 2024,Q4 2024,Medium,x,Yes,2025-01-15,2024-10-01,2024-12-31,0.95,220,5.0,6.0,1.8,Modeled,Q4_HIGH,HIGH_COMPETITION,GENERAL,STABLE,0.5
ECOMMERCE,PAID_SOCIAL,VTR,View-Through Rate,22.0,35.0,52.0,70.0,eMarketer Ecommerce Q4 2024,Q4 2024,High,%,Yes,2025-01-15,2024-10-01,2024-12-31,0.95,340,33.0,37.0,6.0,Platform Direct,Q4_HIGH,HIGH_COMPETITION,GENERAL,INCREASING,3.5
ECOMMERCE,PROGRAMMATIC_DISPLAY,CPM,Cost Per Mille,2.2,5.5,11.0,1.6,eMarketer Ecommerce Q4 2024,Q4 2024,High,$,Yes,2025-01-15,2024-10-01,2024-12-31,0.95,300,5.0,6.0,1.7,Platform Direct,Q4_HIGH,HIGH_COMPETITION,GENERAL,STABLE,1.0
ECOMMERCE,PROGRAMMATIC_DISPLAY,CPC,Cost Per Click,0.32,0.65,1.3,0.22,eMarketer Ecommerce Q4 2024,Q4 2024,High,$,Yes,2025-01-15,2024-10-01,2024-12-31,0.95,300,0.58,0.72,0.18,Platform Direct,Q4_HIGH,HIGH_COMPETITION,GENERAL,STABLE,0.5
ECOMMERCE,PROGRAMMATIC_DISPLAY,CTR,Click-Through Rate,0.12,0.18,0.36,0.55,eMarketer Ecommerce Q4 2024,Q4 2024,High,%,Yes,2025-01-15,2024-10-01,2024-12-31,0.95,300,0.16,0.20,0.06,Platform Direct,Q4_HIGH,HIGH_COMPETITION,GENERAL,STABLE,0.3
ECOMMERCE,PROGRAMMATIC_DISPLAY,CVR,Conversion Rate,0.8,1.5,3.0,5.0,eMarketer Ecommerce Q4 2024,Q4 2024,Medium,%,Yes,2025-01-15,2024-10-01,2024-12-31,0.95,260,1.4,1.6,0.48,Platform Direct,Q4_HIGH,HIGH_COMPETITION,GENERAL,STABLE,0.3
ECOMMERCE,PROGRAMMATIC_DISPLAY,CPA,Cost Per Acquisition,28.0,55.0,110.0,18.0,eMarketer Ecommerce Q4 2024,Q4 2024,Medium,$,Yes,2025-01-15,2024-10-01,2024-12-31,0.95,260,48.0,62.0,16.0,Platform Direct,Q4_HIGH,HIGH_COMPETITION,GENERAL,STABLE,0.5
ECOMMERCE,PROGRAMMATIC_DISPLAY,Viewability,Viewability Rate,56.0,68.0,81.0,91.0,eMarketer Ecommerce Q4 2024,Q4 2024,High,%,Yes,2025-01-15,2024-10-01,2024-12-31,0.95,300,66.0,70.0,5.0,Platform Direct,Q4_HIGH,HIGH_COMPETITION,GENERAL,INCREASING,1.5
ECOMMERCE,CTV_OTT,CPM,Cost Per Mille,22.0,35.0,48.0,17.0,eMarketer Ecommerce Q4 2024,Q4 2024,High,$,Yes,2025-01-15,2024-10-01,2024-12-31,0.95,260,33.0,37.0,5.5,Platform Direct,Q4_HIGH,HIGH_COMPETITION,GENERAL,DECREASING,-2.5
ECOMMERCE,CTV_OTT,CPCV,Cost Per Completed View,0.012,0.021,0.032,0.01,eMarketer Ecommerce Q4 2024,Q4 2024,High,$,Yes,2025-01-15,2024-10-01,2024-12-31,0.95,260,0.019,0.023,0.005,Platform Direct,Q4_HIGH,HIGH_COMPETITION,GENERAL,STABLE,0.3
ECOMMERCE,CTV_OTT,VTR,View-Through Rate,84.0,92.0,97.0,99.0,eMarketer Ecommerce Q4 2024,Q4 2024,High,%,Yes,2025-01-15,2024-10-01,2024-12-31,0.95,260,91.0,93.0,2.2,Platform Direct,Q4_HIGH,HIGH_COMPETITION,GENERAL,STABLE,0.2
ECOMMERCE,CTV_OTT,CTR,Click-Through Rate,0.35,0.55,0.85,1.3,eMarketer Ecommerce Q4 2024,Q4 2024,Medium,%,Yes,2025-01-15,2024-10-01,2024-12-31,0.95,220,0.51,0.59,0.12,Platform Direct,Q4_HIGH,HIGH_COMPETITION,GENERAL,INCREASING,2.5
ECOMMERCE,CTV_OTT,Viewability,Viewability Rate,72.0,84.0,93.0,98.0,eMarketer Ecommerce Q4 2024,Q4 2024,High,%,Yes,2025-01-15,2024-10-01,2024-12-31,0.95,260,82.0,86.0,4.2,Platform Direct,Q4_HIGH,HIGH_COMPETITION,GENERAL,STABLE,0.5
FINANCE,PAID_SEARCH,CPM,Cost Per Mille,25.0,45.0,85.0,19.0,IAB Finance Benchmark Q4 2024,Q4 2024,High,$,Yes,2025-01-15,2024-10-01,2024-12-31,0.95,280,42.0,48.0,7.0,Platform Direct,Q4_NORMAL,HIGH_COMPETITION,GENERAL,INCREASING,3.0
FINANCE,PAID_SEARCH,CPC,Cost Per Click,2.5,5.5,12.0,1.8,IAB Finance Benchmark Q4 2024,Q4 2024,High,$,Yes,2025-01-15,2024-10-01,2024-12-31,0.95,280,5.0,6.0,1.8,Platform Direct,Q4_NORMAL,HIGH_COMPETITION,GENERAL,STABLE,0.5
FINANCE,PAID_SEARCH,CTR,Click-Through Rate,1.8,3.0,5.2,7.0,IAB Finance Benchmark Q4 2024,Q4 2024,High,%,Yes,2025-01-15,2024-10-01,2024-12-31,0.95,280,2.8,3.2,0.9,Platform Direct,Q4_NORMAL,HIGH_COMPETITION,GENERAL,STABLE,0.3
FINANCE,PAID_SEARCH,CVR,Conversion Rate,1.5,2.8,5.5,8.5,IAB Finance Benchmark Q4 2024,Q4 2024,Medium,%,Yes,2025-01-15,2024-10-01,2024-12-31,0.95,220,2.5,3.1,1.2,Platform Direct,Q4_NORMAL,HIGH_COMPETITION,GENERAL,STABLE,0.2
FINANCE,PAID_SEARCH,CPA,Cost Per Acquisition,45.0,85.0,175.0,32.0,IAB Finance Benchmark Q4 2024,Q4 2024,Medium,$,Yes,2025-01-15,2024-10-01,2024-12-31,0.95,220,75.0,95.0,22.0,Platform Direct,Q4_NORMAL,HIGH_COMPETITION,GENERAL,INCREASING,2.5
FINANCE,PAID_SEARCH,ROAS,Return on Ad Spend,2.5,4.5,9.0,13.5,IAB Finance Benchmark Q4 2024,Q4 2024,Low,x,Yes,2025-01-15,2024-10-01,2024-12-31,0.95,150,4.0,5.0,1.8,Modeled,Q4_NORMAL,HIGH_COMPETITION,GENERAL,STABLE,0.5
FINANCE,PAID_SOCIAL,CPM,Cost Per Mille,10.0,18.0,28.0,7.0,IAB Finance Benchmark Q4 2024,Q4 2024,High,$,Yes,2025-01-15,2024-10-01,2024-12-31,0.95,300,17.0,19.0,3.5,Platform Direct,Q4_NORMAL,HIGH_COMPETITION,GENERAL,INCREASING,4.0
FINANCE,PAID_SOCIAL,CPC,Cost Per Click,0.8,1.8,3.2,0.52,IAB Finance Benchmark Q4 2024,Q4 2024,High,$,Yes,2025-01-15,2024-10-01,2024-12-31,0.95,300,1.65,1.95,0.45,Platform Direct,Q4_NORMAL,HIGH_COMPETITION,GENERAL,STABLE,0.5
FINANCE,PAID_SOCIAL,CTR,Click-Through Rate,0.65,1.05,1.7,2.6,IAB Finance Benchmark Q4 2024,Q4 2024,High,%,Yes,2025-01-15,2024-10-01,2024-12-31,0.95,300,0.98,1.12,0.32,Platform Direct,Q4_NORMAL,HIGH_COMPETITION,GENERAL,STABLE,0.3
FINANCE,PAID_SOCIAL,CVR,Conversion Rate,1.2,2.2,4.2,6.5,IAB Finance Benchmark Q4 2024,Q4 2024,Medium,%,Yes,2025-01-15,2024-10-01,2024-12-31,0.95,240,2.0,2.4,0.8,Platform Direct,Q4_NORMAL,HIGH_COMPETITION,GENERAL,STABLE,0.2
FINANCE,PAID_SOCIAL,CPA,Cost Per Acquisition,38.0,72.0,145.0,25.0,IAB Finance Benchmark Q4 2024,Q4 2024,Medium,$,Yes,2025-01-15,2024-10-01,2024-12-31,0.95,240,62.0,82.0,18.0,Platform Direct,Q4_NORMAL,HIGH_COMPETITION,GENERAL,STABLE,0.5
FINANCE,PAID_SOCIAL,ROAS,Return on Ad Spend,2.0,3.5,6.5,10.0,IAB Finance Benchmark Q4 2024,Q4 2024,Low,x,Yes,2025-01-15,2024-10-01,2024-12-31,0.95,160,3.1,3.9,1.3,Modeled,Q4_NORMAL,HIGH_COMPETITION,GENERAL,STABLE,0.3
FINANCE,PAID_SOCIAL,VTR,View-Through Rate,12.0,20.0,32.0,46.0,IAB Finance Benchmark Q4 2024,Q4 2024,High,%,Yes,2025-01-15,2024-10-01,2024-12-31,0.95,300,18.5,21.5,4.5,Platform Direct,Q4_NORMAL,HIGH_COMPETITION,GENERAL,INCREASING,2.0
FINANCE,PROGRAMMATIC_DISPLAY,CPM,Cost Per Mille,3.0,7.0,14.0,2.2,IAB Finance Benchmark Q4 2024,Q4 2024,High,$,Yes,2025-01-15,2024-10-01,2024-12-31,0.95,260,6.5,7.5,2.0,Platform Direct,Q4_NORMAL,HIGH_COMPETITION,GENERAL,STABLE,1.0
FINANCE,PROGRAMMATIC_DISPLAY,CPC,Cost Per Click,0.45,0.9,1.8,0.3,IAB Finance Benchmark Q4 2024,Q4 2024,High,$,Yes,2025-01-15,2024-10-01,2024-12-31,0.95,260,0.82,0.98,0.22,Platform Direct,Q4_NORMAL,HIGH_COMPETITION,GENERAL,STABLE,0.5
FINANCE,PROGRAMMATIC_DISPLAY,CTR,Click-Through Rate,0.06,0.10,0.20,0.34,IAB Finance Benchmark Q4 2024,Q4 2024,High,%,Yes,2025-01-15,2024-10-01,2024-12-31,0.95,260,0.09,0.11,0.04,Platform Direct,Q4_NORMAL,HIGH_COMPETITION,GENERAL,STABLE,0.3
FINANCE,PROGRAMMATIC_DISPLAY,CVR,Conversion Rate,0.4,0.75,1.5,2.6,IAB Finance Benchmark Q4 2024,Q4 2024,Medium,%,Yes,2025-01-15,2024-10-01,2024-12-31,0.95,200,0.68,0.82,0.32,Platform Direct,Q4_NORMAL,HIGH_COMPETITION,GENERAL,STABLE,0.2
FINANCE,PROGRAMMATIC_DISPLAY,CPA,Cost Per Acquisition,65.0,125.0,250.0,45.0,IAB Finance Benchmark Q4 2024,Q4 2024,Medium,$,Yes,2025-01-15,2024-10-01,2024-12-31,0.95,200,110.0,140.0,32.0,Platform Direct,Q4_NORMAL,HIGH_COMPETITION,GENERAL,STABLE,0.5
FINANCE,PROGRAMMATIC_DISPLAY,Viewability,Viewability Rate,50.0,62.0,75.0,86.0,IAB Finance Benchmark Q4 2024,Q4 2024,High,%,Yes,2025-01-15,2024-10-01,2024-12-31,0.95,260,60.0,64.0,5.0,Platform Direct,Q4_NORMAL,HIGH_COMPETITION,GENERAL,INCREASING,1.5
FINANCE,CTV_OTT,CPM,Cost Per Mille,28.0,42.0,58.0,22.0,IAB Finance Benchmark Q4 2024,Q4 2024,High,$,Yes,2025-01-15,2024-10-01,2024-12-31,0.95,220,40.0,44.0,6.0,Platform Direct,Q4_NORMAL,HIGH_COMPETITION,GENERAL,DECREASING,-1.5
FINANCE,CTV_OTT,CPCV,Cost Per Completed View,0.015,0.025,0.038,0.012,IAB Finance Benchmark Q4 2024,Q4 2024,High,$,Yes,2025-01-15,2024-10-01,2024-12-31,0.95,220,0.023,0.027,0.006,Platform Direct,Q4_NORMAL,HIGH_COMPETITION,GENERAL,STABLE,0.3
FINANCE,CTV_OTT,VTR,View-Through Rate,82.0,90.0,95.0,98.0,IAB Finance Benchmark Q4 2024,Q4 2024,High,%,Yes,2025-01-15,2024-10-01,2024-12-31,0.95,220,89.0,91.0,2.5,Platform Direct,Q4_NORMAL,HIGH_COMPETITION,GENERAL,STABLE,0.2
FINANCE,CTV_OTT,CTR,Click-Through Rate,0.25,0.42,0.68,1.05,IAB Finance Benchmark Q4 2024,Q4 2024,Medium,%,Yes,2025-01-15,2024-10-01,2024-12-31,0.95,180,0.38,0.46,0.1,Platform Direct,Q4_NORMAL,HIGH_COMPETITION,GENERAL,INCREASING,1.5
FINANCE,CTV_OTT,Viewability,Viewability Rate,65.0,78.0,88.0,95.0,IAB Finance Benchmark Q4 2024,Q4 2024,High,%,Yes,2025-01-15,2024-10-01,2024-12-31,0.95,220,76.0,80.0,4.5,Platform Direct,Q4_NORMAL,HIGH_COMPETITION,GENERAL,STABLE,0.5
TECHNOLOGY,PAID_SEARCH,CPM,Cost Per Mille,22.0,38.0,72.0,17.0,IAB Technology Benchmark Q4 2024,Q4 2024,High,$,Yes,2025-01-15,2024-10-01,2024-12-31,0.95,260,36.0,40.0,6.0,Platform Direct,Q4_NORMAL,HIGH_COMPETITION,GENERAL,INCREASING,3.5
TECHNOLOGY,PAID_SEARCH,CPC,Cost Per Click,1.8,4.2,9.0,1.3,IAB Technology Benchmark Q4 2024,Q4 2024,High,$,Yes,2025-01-15,2024-10-01,2024-12-31,0.95,260,3.9,4.5,1.5,Platform Direct,Q4_NORMAL,HIGH_COMPETITION,GENERAL,STABLE,0.8
TECHNOLOGY,PAID_SEARCH,CTR,Click-Through Rate,2.0,3.4,5.8,8.0,IAB Technology Benchmark Q4 2024,Q4 2024,High,%,Yes,2025-01-15,2024-10-01,2024-12-31,0.95,260,3.2,3.6,1.0,Platform Direct,Q4_NORMAL,HIGH_COMPETITION,GENERAL,STABLE,0.5
TECHNOLOGY,PAID_SEARCH,CVR,Conversion Rate,1.8,3.2,6.2,9.5,IAB Technology Benchmark Q4 2024,Q4 2024,Medium,%,Yes,2025-01-15,2024-10-01,2024-12-31,0.95,220,2.9,3.5,1.3,Platform Direct,Q4_NORMAL,HIGH_COMPETITION,GENERAL,STABLE,0.3
TECHNOLOGY,PAID_SEARCH,CPA,Cost Per Acquisition,38.0,72.0,145.0,28.0,IAB Technology Benchmark Q4 2024,Q4 2024,Medium,$,Yes,2025-01-15,2024-10-01,2024-12-31,0.95,220,64.0,80.0,18.0,Platform Direct,Q4_NORMAL,HIGH_COMPETITION,GENERAL,INCREASING,2.0
TECHNOLOGY,PAID_SEARCH,ROAS,Return on Ad Spend,2.8,5.0,10.0,15.0,IAB Technology Benchmark Q4 2024,Q4 2024,Low,x,Yes,2025-01-15,2024-10-01,2024-12-31,0.95,160,4.5,5.5,2.0,Modeled,Q4_NORMAL,HIGH_COMPETITION,GENERAL,STABLE,0.5
TECHNOLOGY,PAID_SOCIAL,CPM,Cost Per Mille,9.0,16.0,25.0,6.5,IAB Technology Benchmark Q4 2024,Q4 2024,High,$,Yes,2025-01-15,2024-10-01,2024-12-31,0.95,280,15.0,17.0,3.2,Platform Direct,Q4_NORMAL,HIGH_COMPETITION,GENERAL,INCREASING,4.5
TECHNOLOGY,PAID_SOCIAL,CPC,Cost Per Click,0.7,1.6,2.8,0.45,IAB Technology Benchmark Q4 2024,Q4 2024,High,$,Yes,2025-01-15,2024-10-01,2024-12-31,0.95,280,1.48,1.72,0.4,Platform Direct,Q4_NORMAL,HIGH_COMPETITION,GENERAL,STABLE,0.5
TECHNOLOGY,PAID_SOCIAL,CTR,Click-Through Rate,0.7,1.15,1.85,2.8,IAB Technology Benchmark Q4 2024,Q4 2024,High,%,Yes,2025-01-15,2024-10-01,2024-12-31,0.95,280,1.08,1.22,0.35,Platform Direct,Q4_NORMAL,HIGH_COMPETITION,GENERAL,STABLE,0.3
TECHNOLOGY,PAID_SOCIAL,CVR,Conversion Rate,1.4,2.5,4.8,7.5,IAB Technology Benchmark Q4 2024,Q4 2024,Medium,%,Yes,2025-01-15,2024-10-01,2024-12-31,0.95,240,2.3,2.7,0.9,Platform Direct,Q4_NORMAL,HIGH_COMPETITION,GENERAL,STABLE,0.2
TECHNOLOGY,PAID_SOCIAL,CPA,Cost Per Acquisition,32.0,62.0,125.0,22.0,IAB Technology Benchmark Q4 2024,Q4 2024,Medium,$,Yes,2025-01-15,2024-10-01,2024-12-31,0.95,240,54.0,70.0,16.0,Platform Direct,Q4_NORMAL,HIGH_COMPETITION,GENERAL,STABLE,0.5
TECHNOLOGY,PAID_SOCIAL,ROAS,Return on Ad Spend,2.2,4.0,7.5,11.5,IAB Technology Benchmark Q4 2024,Q4 2024,Low,x,Yes,2025-01-15,2024-10-01,2024-12-31,0.95,170,3.6,4.4,1.4,Modeled,Q4_NORMAL,HIGH_COMPETITION,GENERAL,STABLE,0.3
TECHNOLOGY,PAID_SOCIAL,VTR,View-Through Rate,14.0,22.0,35.0,50.0,IAB Technology Benchmark Q4 2024,Q4 2024,High,%,Yes,2025-01-15,2024-10-01,2024-12-31,0.95,280,20.5,23.5,4.8,Platform Direct,Q4_NORMAL,HIGH_COMPETITION,GENERAL,INCREASING,2.5
TECHNOLOGY,PROGRAMMATIC_DISPLAY,CPM,Cost Per Mille,2.5,6.0,12.0,1.8,IAB Technology Benchmark Q4 2024,Q4 2024,High,$,Yes,2025-01-15,2024-10-01,2024-12-31,0.95,250,5.5,6.5,1.8,Platform Direct,Q4_NORMAL,HIGH_COMPETITION,GENERAL,STABLE,1.0
TECHNOLOGY,PROGRAMMATIC_DISPLAY,CPC,Cost Per Click,0.38,0.78,1.55,0.26,IAB Technology Benchmark Q4 2024,Q4 2024,High,$,Yes,2025-01-15,2024-10-01,2024-12-31,0.95,250,0.72,0.84,0.2,Platform Direct,Q4_NORMAL,HIGH_COMPETITION,GENERAL,STABLE,0.5
TECHNOLOGY,PROGRAMMATIC_DISPLAY,CTR,Click-Through Rate,0.07,0.12,0.24,0.4,IAB Technology Benchmark Q4 2024,Q4 2024,High,%,Yes,2025-01-15,2024-10-01,2024-12-31,0.95,250,0.11,0.13,0.04,Platform Direct,Q4_NORMAL,HIGH_COMPETITION,GENERAL,STABLE,0.3
TECHNOLOGY,PROGRAMMATIC_DISPLAY,CVR,Conversion Rate,0.5,0.95,1.9,3.2,IAB Technology Benchmark Q4 2024,Q4 2024,Medium,%,Yes,2025-01-15,2024-10-01,2024-12-31,0.95,200,0.86,1.04,0.38,Platform Direct,Q4_NORMAL,HIGH_COMPETITION,GENERAL,STABLE,0.2
TECHNOLOGY,PROGRAMMATIC_DISPLAY,CPA,Cost Per Acquisition,52.0,98.0,195.0,35.0,IAB Technology Benchmark Q4 2024,Q4 2024,Medium,$,Yes,2025-01-15,2024-10-01,2024-12-31,0.95,200,86.0,110.0,26.0,Platform Direct,Q4_NORMAL,HIGH_COMPETITION,GENERAL,STABLE,0.5
TECHNOLOGY,PROGRAMMATIC_DISPLAY,Viewability,Viewability Rate,52.0,64.0,77.0,88.0,IAB Technology Benchmark Q4 2024,Q4 2024,High,%,Yes,2025-01-15,2024-10-01,2024-12-31,0.95,250,62.0,66.0,5.0,Platform Direct,Q4_NORMAL,HIGH_COMPETITION,GENERAL,INCREASING,1.5
TECHNOLOGY,CTV_OTT,CPM,Cost Per Mille,25.0,38.0,52.0,19.0,IAB Technology Benchmark Q4 2024,Q4 2024,High,$,Yes,2025-01-15,2024-10-01,2024-12-31,0.95,210,36.0,40.0,5.5,Platform Direct,Q4_NORMAL,HIGH_COMPETITION,GENERAL,DECREASING,-2.0
TECHNOLOGY,CTV_OTT,CPCV,Cost Per Completed View,0.014,0.023,0.035,0.011,IAB Technology Benchmark Q4 2024,Q4 2024,High,$,Yes,2025-01-15,2024-10-01,2024-12-31,0.95,210,0.021,0.025,0.005,Platform Direct,Q4_NORMAL,HIGH_COMPETITION,GENERAL,STABLE,0.3
TECHNOLOGY,CTV_OTT,VTR,View-Through Rate,84.0,91.0,96.0,99.0,IAB Technology Benchmark Q4 2024,Q4 2024,High,%,Yes,2025-01-15,2024-10-01,2024-12-31,0.95,210,90.0,92.0,2.3,Platform Direct,Q4_NORMAL,HIGH_COMPETITION,GENERAL,STABLE,0.2
TECHNOLOGY,CTV_OTT,CTR,Click-Through Rate,0.28,0.46,0.72,1.1,IAB Technology Benchmark Q4 2024,Q4 2024,Medium,%,Yes,2025-01-15,2024-10-01,2024-12-31,0.95,180,0.42,0.50,0.1,Platform Direct,Q4_NORMAL,HIGH_COMPETITION,GENERAL,INCREASING,1.8
TECHNOLOGY,CTV_OTT,Viewability,Viewability Rate,68.0,80.0,90.0,96.0,IAB Technology Benchmark Q4 2024,Q4 2024,High,%,Yes,2025-01-15,2024-10-01,2024-12-31,0.95,210,78.0,82.0,4.5,Platform Direct,Q4_NORMAL,HIGH_COMPETITION,GENERAL,STABLE,0.5
CPG,PAID_SEARCH,CPM,Cost Per Mille,12.0,22.0,42.0,9.0,Nielsen CPG Benchmark Q4 2024,Q4 2024,High,$,Yes,2025-01-15,2024-10-01,2024-12-31,0.95,300,20.0,24.0,4.0,Platform Direct,Q4_NORMAL,NORMAL,GENERAL,STABLE,0.5
CPG,PAID_SEARCH,CPC,Cost Per Click,0.6,1.8,4.0,0.4,Nielsen CPG Benchmark Q4 2024,Q4 2024,High,$,Yes,2025-01-15,2024-10-01,2024-12-31,0.95,300,1.6,2.0,0.75,Platform Direct,Q4_NORMAL,NORMAL,GENERAL,STABLE,0.3
CPG,PAID_SEARCH,CTR,Click-Through Rate,2.2,3.6,6.2,8.5,Nielsen CPG Benchmark Q4 2024,Q4 2024,High,%,Yes,2025-01-15,2024-10-01,2024-12-31,0.95,300,3.4,3.8,1.0,Platform Direct,Q4_NORMAL,NORMAL,GENERAL,INCREASING,1.5
CPG,PAID_SEARCH,CVR,Conversion Rate,1.8,3.2,6.5,10.0,Nielsen CPG Benchmark Q4 2024,Q4 2024,Medium,%,Yes,2025-01-15,2024-10-01,2024-12-31,0.95,260,2.9,3.5,1.3,Platform Direct,Q4_NORMAL,NORMAL,GENERAL,STABLE,0.2
CPG,PAID_SEARCH,CPA,Cost Per Acquisition,20.0,38.0,78.0,14.0,Nielsen CPG Benchmark Q4 2024,Q4 2024,Medium,$,Yes,2025-01-15,2024-10-01,2024-12-31,0.95,260,33.0,43.0,10.0,Platform Direct,Q4_NORMAL,NORMAL,GENERAL,DECREASING,-1.5
CPG,PAID_SEARCH,ROAS,Return on Ad Spend,3.2,5.2,10.5,15.5,Nielsen CPG Benchmark Q4 2024,Q4 2024,Medium,x,Yes,2025-01-15,2024-10-01,2024-12-31,0.95,200,4.7,5.7,1.8,Modeled,Q4_NORMAL,NORMAL,GENERAL,STABLE,0.5
CPG,PAID_SOCIAL,CPM,Cost Per Mille,6.0,11.0,18.0,4.2,Nielsen CPG Benchmark Q4 2024,Q4 2024,High,$,Yes,2025-01-15,2024-10-01,2024-12-31,0.95,320,10.0,12.0,2.5,Platform Direct,Q4_NORMAL,NORMAL,GENERAL,INCREASING,3.5
CPG,PAID_SOCIAL,CPC,Cost Per Click,0.4,1.05,1.75,0.26,Nielsen CPG Benchmark Q4 2024,Q4 2024,High,$,Yes,2025-01-15,2024-10-01,2024-12-31,0.95,320,0.95,1.15,0.28,Platform Direct,Q4_NORMAL,NORMAL,GENERAL,STABLE,0.5
CPG,PAID_SOCIAL,CTR,Click-Through Rate,0.9,1.45,2.35,3.4,Nielsen CPG Benchmark Q4 2024,Q4 2024,High,%,Yes,2025-01-15,2024-10-01,2024-12-31,0.95,320,1.35,1.55,0.4,Platform Direct,Q4_NORMAL,NORMAL,GENERAL,STABLE,0.3
CPG,PAID_SOCIAL,CVR,Conversion Rate,2.0,3.5,6.5,10.0,Nielsen CPG Benchmark Q4 2024,Q4 2024,High,%,Yes,2025-01-15,2024-10-01,2024-12-31,0.95,280,3.2,3.8,1.1,Platform Direct,Q4_NORMAL,NORMAL,GENERAL,INCREASING,2.0
CPG,PAID_SOCIAL,CPA,Cost Per Acquisition,14.0,26.0,52.0,9.0,Nielsen CPG Benchmark Q4 2024,Q4 2024,Medium,$,Yes,2025-01-15,2024-10-01,2024-12-31,0.95,260,22.0,30.0,8.0,Platform Direct,Q4_NORMAL,NORMAL,GENERAL,STABLE,0.5
CPG,PAID_SOCIAL,ROAS,Return on Ad Spend,2.8,4.8,8.5,13.0,Nielsen CPG Benchmark Q4 2024,Q4 2024,Medium,x,Yes,2025-01-15,2024-10-01,2024-12-31,0.95,210,4.3,5.3,1.5,Modeled,Q4_NORMAL,NORMAL,GENERAL,STABLE,0.5
CPG,PAID_SOCIAL,VTR,View-Through Rate,22.0,35.0,52.0,70.0,Nielsen CPG Benchmark Q4 2024,Q4 2024,High,%,Yes,2025-01-15,2024-10-01,2024-12-31,0.95,320,33.0,37.0,5.5,Platform Direct,Q4_NORMAL,NORMAL,GENERAL,INCREASING,3.0
CPG,PROGRAMMATIC_DISPLAY,CPM,Cost Per Mille,1.8,4.2,8.5,1.3,Nielsen CPG Benchmark Q4 2024,Q4 2024,High,$,Yes,2025-01-15,2024-10-01,2024-12-31,0.95,290,3.8,4.6,1.4,Platform Direct,Q4_NORMAL,NORMAL,GENERAL,STABLE,0.8
CPG,PROGRAMMATIC_DISPLAY,CPC,Cost Per Click,0.25,0.52,1.05,0.17,Nielsen CPG Benchmark Q4 2024,Q4 2024,High,$,Yes,2025-01-15,2024-10-01,2024-12-31,0.95,290,0.47,0.57,0.14,Platform Direct,Q4_NORMAL,NORMAL,GENERAL,STABLE,0.5
CPG,PROGRAMMATIC_DISPLAY,CTR,Click-Through Rate,0.1,0.15,0.3,0.48,Nielsen CPG Benchmark Q4 2024,Q4 2024,High,%,Yes,2025-01-15,2024-10-01,2024-12-31,0.95,290,0.13,0.17,0.05,Platform Direct,Q4_NORMAL,NORMAL,GENERAL,STABLE,0.3
CPG,PROGRAMMATIC_DISPLAY,CVR,Conversion Rate,0.65,1.2,2.4,4.0,Nielsen CPG Benchmark Q4 2024,Q4 2024,Medium,%,Yes,2025-01-15,2024-10-01,2024-12-31,0.95,250,1.1,1.3,0.4,Platform Direct,Q4_NORMAL,NORMAL,GENERAL,STABLE,0.2
CPG,PROGRAMMATIC_DISPLAY,CPA,Cost Per Acquisition,30.0,58.0,115.0,20.0,Nielsen CPG Benchmark Q4 2024,Q4 2024,Medium,$,Yes,2025-01-15,2024-10-01,2024-12-31,0.95,250,50.0,66.0,16.0,Platform Direct,Q4_NORMAL,NORMAL,GENERAL,STABLE,0.5
CPG,PROGRAMMATIC_DISPLAY,Viewability,Viewability Rate,55.0,67.0,80.0,90.0,Nielsen CPG Benchmark Q4 2024,Q4 2024,High,%,Yes,2025-01-15,2024-10-01,2024-12-31,0.95,290,65.0,69.0,5.0,Platform Direct,Q4_NORMAL,NORMAL,GENERAL,INCREASING,1.5
CPG,CTV_OTT,CPM,Cost Per Mille,18.0,28.0,40.0,14.0,Nielsen CPG Benchmark Q4 2024,Q4 2024,High,$,Yes,2025-01-15,2024-10-01,2024-12-31,0.95,250,26.0,30.0,5.0,Platform Direct,Q4_NORMAL,NORMAL,GENERAL,DECREASING,-2.5
CPG,CTV_OTT,CPCV,Cost Per Completed View,0.01,0.017,0.026,0.008,Nielsen CPG Benchmark Q4 2024,Q4 2024,High,$,Yes,2025-01-15,2024-10-01,2024-12-31,0.95,250,0.015,0.019,0.004,Platform Direct,Q4_NORMAL,NORMAL,GENERAL,STABLE,0.3
CPG,CTV_OTT,VTR,View-Through Rate,88.0,94.0,98.0,99.5,Nielsen CPG Benchmark Q4 2024,Q4 2024,High,%,Yes,2025-01-15,2024-10-01,2024-12-31,0.95,250,93.0,95.0,2.0,Platform Direct,Q4_NORMAL,NORMAL,GENERAL,STABLE,0.2
CPG,CTV_OTT,CTR,Click-Through Rate,0.32,0.52,0.82,1.25,Nielsen CPG Benchmark Q4 2024,Q4 2024,Medium,%,Yes,2025-01-15,2024-10-01,2024-12-31,0.95,210,0.48,0.56,0.11,Platform Direct,Q4_NORMAL,NORMAL,GENERAL,INCREASING,2.0
CPG,CTV_OTT,Viewability,Viewability Rate,72.0,84.0,93.0,98.0,Nielsen CPG Benchmark Q4 2024,Q4 2024,High,%,Yes,2025-01-15,2024-10-01,2024-12-31,0.95,250,82.0,86.0,4.2,Platform Direct,Q4_NORMAL,NORMAL,GENERAL,STABLE,0.5
HEALTHCARE,PAID_SEARCH,CPM,Cost Per Mille,20.0,35.0,65.0,15.0,Kantar Healthcare Q4 2024,Q4 2024,High,$,Yes,2025-01-15,2024-10-01,2024-12-31,0.95,240,33.0,37.0,5.5,Platform Direct,Q4_NORMAL,REGULATED,GENERAL,INCREASING,2.5
HEALTHCARE,PAID_SEARCH,CPC,Cost Per Click,1.5,3.5,7.5,1.1,Kantar Healthcare Q4 2024,Q4 2024,High,$,Yes,2025-01-15,2024-10-01,2024-12-31,0.95,240,3.2,3.8,1.2,Platform Direct,Q4_NORMAL,REGULATED,GENERAL,STABLE,0.5
HEALTHCARE,PAID_SEARCH,CTR,Click-Through Rate,1.8,3.0,5.2,7.2,Kantar Healthcare Q4 2024,Q4 2024,High,%,Yes,2025-01-15,2024-10-01,2024-12-31,0.95,240,2.8,3.2,0.9,Platform Direct,Q4_NORMAL,REGULATED,GENERAL,STABLE,0.3
HEALTHCARE,PAID_SEARCH,CVR,Conversion Rate,2.5,4.5,8.5,12.5,Kantar Healthcare Q4 2024,Q4 2024,Medium,%,Yes,2025-01-15,2024-10-01,2024-12-31,0.95,200,4.1,4.9,1.5,Platform Direct,Q4_NORMAL,REGULATED,GENERAL,STABLE,0.2
HEALTHCARE,PAID_SEARCH,CPA,Cost Per Acquisition,28.0,52.0,105.0,20.0,Kantar Healthcare Q4 2024,Q4 2024,Medium,$,Yes,2025-01-15,2024-10-01,2024-12-31,0.95,200,45.0,59.0,14.0,Platform Direct,Q4_NORMAL,REGULATED,GENERAL,STABLE,0.5
HEALTHCARE,PAID_SEARCH,ROAS,Return on Ad Spend,2.2,4.0,8.0,12.0,Kantar Healthcare Q4 2024,Q4 2024,Low,x,Yes,2025-01-15,2024-10-01,2024-12-31,0.95,150,3.5,4.5,1.6,Modeled,Q4_NORMAL,REGULATED,GENERAL,STABLE,0.5
HEALTHCARE,PAID_SOCIAL,CPM,Cost Per Mille,8.0,14.0,22.0,5.5,Kantar Healthcare Q4 2024,Q4 2024,High,$,Yes,2025-01-15,2024-10-01,2024-12-31,0.95,260,13.0,15.0,3.0,Platform Direct,Q4_NORMAL,REGULATED,GENERAL,INCREASING,3.5
HEALTHCARE,PAID_SOCIAL,CPC,Cost Per Click,0.6,1.4,2.4,0.4,Kantar Healthcare Q4 2024,Q4 2024,High,$,Yes,2025-01-15,2024-10-01,2024-12-31,0.95,260,1.3,1.5,0.35,Platform Direct,Q4_NORMAL,REGULATED,GENERAL,STABLE,0.5
HEALTHCARE,PAID_SOCIAL,CTR,Click-Through Rate,0.75,1.2,1.95,2.9,Kantar Healthcare Q4 2024,Q4 2024,High,%,Yes,2025-01-15,2024-10-01,2024-12-31,0.95,260,1.12,1.28,0.35,Platform Direct,Q4_NORMAL,REGULATED,GENERAL,STABLE,0.3
HEALTHCARE,PAID_SOCIAL,CVR,Conversion Rate,3.2,5.5,10.0,15.0,Kantar Healthcare Q4 2024,Q4 2024,Medium,%,Yes,2025-01-15,2024-10-01,2024-12-31,0.95,220,5.0,6.0,1.4,Platform Direct,Q4_NORMAL,REGULATED,GENERAL,INCREASING,2.5
HEALTHCARE,PAID_SOCIAL,CPA,Cost Per Acquisition,22.0,42.0,85.0,15.0,Kantar Healthcare Q4 2024,Q4 2024,Medium,$,Yes,2025-01-15,2024-10-01,2024-12-31,0.95,220,36.0,48.0,11.0,Platform Direct,Q4_NORMAL,REGULATED,GENERAL,STABLE,0.5
HEALTHCARE,PAID_SOCIAL,ROAS,Return on Ad Spend,2.5,4.5,8.0,12.5,Kantar Healthcare Q4 2024,Q4 2024,Low,x,Yes,2025-01-15,2024-10-01,2024-12-31,0.95,160,4.0,5.0,1.4,Modeled,Q4_NORMAL,REGULATED,GENERAL,STABLE,0.3
HEALTHCARE,PAID_SOCIAL,VTR,View-Through Rate,16.0,26.0,40.0,56.0,Kantar Healthcare Q4 2024,Q4 2024,High,%,Yes,2025-01-15,2024-10-01,2024-12-31,0.95,260,24.0,28.0,5.0,Platform Direct,Q4_NORMAL,REGULATED,GENERAL,INCREASING,2.5
HEALTHCARE,PROGRAMMATIC_DISPLAY,CPM,Cost Per Mille,2.4,5.8,11.5,1.8,Kantar Healthcare Q4 2024,Q4 2024,High,$,Yes,2025-01-15,2024-10-01,2024-12-31,0.95,240,5.3,6.3,1.7,Platform Direct,Q4_NORMAL,REGULATED,GENERAL,STABLE,0.8
HEALTHCARE,PROGRAMMATIC_DISPLAY,CPC,Cost Per Click,0.35,0.72,1.45,0.24,Kantar Healthcare Q4 2024,Q4 2024,High,$,Yes,2025-01-15,2024-10-01,2024-12-31,0.95,240,0.65,0.79,0.18,Platform Direct,Q4_NORMAL,REGULATED,GENERAL,STABLE,0.5
HEALTHCARE,PROGRAMMATIC_DISPLAY,CTR,Click-Through Rate,0.08,0.13,0.26,0.42,Kantar Healthcare Q4 2024,Q4 2024,High,%,Yes,2025-01-15,2024-10-01,2024-12-31,0.95,240,0.11,0.15,0.05,Platform Direct,Q4_NORMAL,REGULATED,GENERAL,STABLE,0.3
HEALTHCARE,PROGRAMMATIC_DISPLAY,CVR,Conversion Rate,0.55,1.0,2.0,3.5,Kantar Healthcare Q4 2024,Q4 2024,Medium,%,Yes,2025-01-15,2024-10-01,2024-12-31,0.95,200,0.9,1.1,0.38,Platform Direct,Q4_NORMAL,REGULATED,GENERAL,STABLE,0.2
HEALTHCARE,PROGRAMMATIC_DISPLAY,CPA,Cost Per Acquisition,42.0,82.0,165.0,28.0,Kantar Healthcare Q4 2024,Q4 2024,Medium,$,Yes,2025-01-15,2024-10-01,2024-12-31,0.95,200,72.0,92.0,22.0,Platform Direct,Q4_NORMAL,REGULATED,GENERAL,STABLE,0.5
HEALTHCARE,PROGRAMMATIC_DISPLAY,Viewability,Viewability Rate,54.0,66.0,79.0,89.0,Kantar Healthcare Q4 2024,Q4 2024,High,%,Yes,2025-01-15,2024-10-01,2024-12-31,0.95,240,64.0,68.0,5.0,Platform Direct,Q4_NORMAL,REGULATED,GENERAL,INCREASING,1.5
HEALTHCARE,CTV_OTT,CPM,Cost Per Mille,24.0,38.0,52.0,18.0,Kantar Healthcare Q4 2024,Q4 2024,High,$,Yes,2025-01-15,2024-10-01,2024-12-31,0.95,200,36.0,40.0,5.5,Platform Direct,Q4_NORMAL,REGULATED,GENERAL,DECREASING,-1.5
HEALTHCARE,CTV_OTT,CPCV,Cost Per Completed View,0.013,0.022,0.035,0.01,Kantar Healthcare Q4 2024,Q4 2024,High,$,Yes,2025-01-15,2024-10-01,2024-12-31,0.95,200,0.02,0.024,0.005,Platform Direct,Q4_NORMAL,REGULATED,GENERAL,STABLE,0.3
HEALTHCARE,CTV_OTT,VTR,View-Through Rate,85.0,92.0,97.0,99.0,Kantar Healthcare Q4 2024,Q4 2024,High,%,Yes,2025-01-15,2024-10-01,2024-12-31,0.95,200,91.0,93.0,2.3,Platform Direct,Q4_NORMAL,REGULATED,GENERAL,STABLE,0.2
HEALTHCARE,CTV_OTT,CTR,Click-Through Rate,0.28,0.46,0.72,1.1,Kantar Healthcare Q4 2024,Q4 2024,Medium,%,Yes,2025-01-15,2024-10-01,2024-12-31,0.95,170,0.42,0.50,0.1,Platform Direct,Q4_NORMAL,REGULATED,GENERAL,INCREASING,1.5
HEALTHCARE,CTV_OTT,Viewability,Viewability Rate,70.0,82.0,92.0,97.0,Kantar Healthcare Q4 2024,Q4 2024,High,%,Yes,2025-01-15,2024-10-01,2024-12-31,0.95,200,80.0,84.0,4.5,Platform Direct,Q4_NORMAL,REGULATED,GENERAL,STABLE,0.5
AUTOMOTIVE,PAID_SEARCH,CPM,Cost Per Mille,28.0,48.0,92.0,22.0,Polk Automotive Q4 2024,Q4 2024,High,$,Yes,2025-01-15,2024-10-01,2024-12-31,0.95,260,45.0,51.0,7.5,Platform Direct,Q4_NORMAL,HIGH_COMPETITION,GENERAL,INCREASING,3.0
AUTOMOTIVE,PAID_SEARCH,CPC,Cost Per Click,2.2,5.0,10.5,1.6,Polk Automotive Q4 2024,Q4 2024,High,$,Yes,2025-01-15,2024-10-01,2024-12-31,0.95,260,4.6,5.4,1.6,Platform Direct,Q4_NORMAL,HIGH_COMPETITION,GENERAL,STABLE,0.5
AUTOMOTIVE,PAID_SEARCH,CTR,Click-Through Rate,1.6,2.8,4.8,6.8,Polk Automotive Q4 2024,Q4 2024,High,%,Yes,2025-01-15,2024-10-01,2024-12-31,0.95,260,2.6,3.0,0.85,Platform Direct,Q4_NORMAL,HIGH_COMPETITION,GENERAL,STABLE,0.3
AUTOMOTIVE,PAID_SEARCH,CVR,Conversion Rate,1.2,2.2,4.5,7.0,Polk Automotive Q4 2024,Q4 2024,Medium,%,Yes,2025-01-15,2024-10-01,2024-12-31,0.95,220,2.0,2.4,0.9,Platform Direct,Q4_NORMAL,HIGH_COMPETITION,GENERAL,STABLE,0.2
AUTOMOTIVE,PAID_SEARCH,CPA,Cost Per Acquisition,85.0,160.0,320.0,60.0,Polk Automotive Q4 2024,Q4 2024,Medium,$,Yes,2025-01-15,2024-10-01,2024-12-31,0.95,220,140.0,180.0,40.0,Platform Direct,Q4_NORMAL,HIGH_COMPETITION,GENERAL,INCREASING,2.5
AUTOMOTIVE,PAID_SEARCH,ROAS,Return on Ad Spend,4.0,7.0,14.0,21.0,Polk Automotive Q4 2024,Q4 2024,Low,x,Yes,2025-01-15,2024-10-01,2024-12-31,0.95,150,6.2,7.8,2.5,Modeled,Q4_NORMAL,HIGH_COMPETITION,GENERAL,STABLE,0.5
AUTOMOTIVE,PAID_SOCIAL,CPM,Cost Per Mille,9.0,15.0,24.0,6.5,Polk Automotive Q4 2024,Q4 2024,High,$,Yes,2025-01-15,2024-10-01,2024-12-31,0.95,280,14.0,16.0,3.2,Platform Direct,Q4_NORMAL,HIGH_COMPETITION,GENERAL,INCREASING,4.0
AUTOMOTIVE,PAID_SOCIAL,CPC,Cost Per Click,0.7,1.5,2.6,0.45,Polk Automotive Q4 2024,Q4 2024,High,$,Yes,2025-01-15,2024-10-01,2024-12-31,0.95,280,1.38,1.62,0.38,Platform Direct,Q4_NORMAL,HIGH_COMPETITION,GENERAL,STABLE,0.5
AUTOMOTIVE,PAID_SOCIAL,CTR,Click-Through Rate,0.65,1.05,1.7,2.6,Polk Automotive Q4 2024,Q4 2024,High,%,Yes,2025-01-15,2024-10-01,2024-12-31,0.95,280,0.98,1.12,0.32,Platform Direct,Q4_NORMAL,HIGH_COMPETITION,GENERAL,STABLE,0.3
AUTOMOTIVE,PAID_SOCIAL,CVR,Conversion Rate,0.8,1.5,3.0,4.8,Polk Automotive Q4 2024,Q4 2024,Medium,%,Yes,2025-01-15,2024-10-01,2024-12-31,0.95,240,1.35,1.65,0.55,Platform Direct,Q4_NORMAL,HIGH_COMPETITION,GENERAL,STABLE,0.2
AUTOMOTIVE,PAID_SOCIAL,CPA,Cost Per Acquisition,72.0,135.0,270.0,50.0,Polk Automotive Q4 2024,Q4 2024,Medium,$,Yes,2025-01-15,2024-10-01,2024-12-31,0.95,240,118.0,152.0,32.0,Platform Direct,Q4_NORMAL,HIGH_COMPETITION,GENERAL,STABLE,0.5
AUTOMOTIVE,PAID_SOCIAL,ROAS,Return on Ad Spend,3.5,6.2,12.5,18.5,Polk Automotive Q4 2024,Q4 2024,Low,x,Yes,2025-01-15,2024-10-01,2024-12-31,0.95,170,5.5,6.9,2.0,Modeled,Q4_NORMAL,HIGH_COMPETITION,GENERAL,STABLE,0.3
AUTOMOTIVE,PAID_SOCIAL,VTR,View-Through Rate,18.0,28.0,42.0,58.0,Polk Automotive Q4 2024,Q4 2024,High,%,Yes,2025-01-15,2024-10-01,2024-12-31,0.95,280,26.0,30.0,5.0,Platform Direct,Q4_NORMAL,HIGH_COMPETITION,GENERAL,INCREASING,2.5
AUTOMOTIVE,PROGRAMMATIC_DISPLAY,CPM,Cost Per Mille,2.8,6.5,13.0,2.0,Polk Automotive Q4 2024,Q4 2024,High,$,Yes,2025-01-15,2024-10-01,2024-12-31,0.95,260,6.0,7.0,1.9,Platform Direct,Q4_NORMAL,HIGH_COMPETITION,GENERAL,STABLE,1.0
AUTOMOTIVE,PROGRAMMATIC_DISPLAY,CPC,Cost Per Click,0.42,0.85,1.7,0.28,Polk Automotive Q4 2024,Q4 2024,High,$,Yes,2025-01-15,2024-10-01,2024-12-31,0.95,260,0.78,0.92,0.21,Platform Direct,Q4_NORMAL,HIGH_COMPETITION,GENERAL,STABLE,0.5
AUTOMOTIVE,PROGRAMMATIC_DISPLAY,CTR,Click-Through Rate,0.06,0.10,0.20,0.34,Polk Automotive Q4 2024,Q4 2024,High,%,Yes,2025-01-15,2024-10-01,2024-12-31,0.95,260,0.09,0.11,0.04,Platform Direct,Q4_NORMAL,HIGH_COMPETITION,GENERAL,STABLE,0.3
AUTOMOTIVE,PROGRAMMATIC_DISPLAY,CVR,Conversion Rate,0.35,0.68,1.35,2.4,Polk Automotive Q4 2024,Q4 2024,Medium,%,Yes,2025-01-15,2024-10-01,2024-12-31,0.95,220,0.61,0.75,0.28,Platform Direct,Q4_NORMAL,HIGH_COMPETITION,GENERAL,STABLE,0.2
AUTOMOTIVE,PROGRAMMATIC_DISPLAY,CPA,Cost Per Acquisition,95.0,180.0,360.0,65.0,Polk Automotive Q4 2024,Q4 2024,Medium,$,Yes,2025-01-15,2024-10-01,2024-12-31,0.95,220,158.0,202.0,45.0,Platform Direct,Q4_NORMAL,HIGH_COMPETITION,GENERAL,STABLE,0.5
AUTOMOTIVE,PROGRAMMATIC_DISPLAY,Viewability,Viewability Rate,52.0,64.0,77.0,88.0,Polk Automotive Q4 2024,Q4 2024,High,%,Yes,2025-01-15,2024-10-01,2024-12-31,0.95,260,62.0,66.0,5.0,Platform Direct,Q4_NORMAL,HIGH_COMPETITION,GENERAL,INCREASING,1.5
AUTOMOTIVE,CTV_OTT,CPM,Cost Per Mille,26.0,40.0,55.0,20.0,Polk Automotive Q4 2024,Q4 2024,High,$,Yes,2025-01-15,2024-10-01,2024-12-31,0.95,220,38.0,42.0,5.8,Platform Direct,Q4_NORMAL,HIGH_COMPETITION,GENERAL,DECREASING,-2.0
AUTOMOTIVE,CTV_OTT,CPCV,Cost Per Completed View,0.014,0.024,0.037,0.011,Polk Automotive Q4 2024,Q4 2024,High,$,Yes,2025-01-15,2024-10-01,2024-12-31,0.95,220,0.022,0.026,0.005,Platform Direct,Q4_NORMAL,HIGH_COMPETITION,GENERAL,STABLE,0.3
AUTOMOTIVE,CTV_OTT,VTR,View-Through Rate,84.0,91.0,96.0,99.0,Polk Automotive Q4 2024,Q4 2024,High,%,Yes,2025-01-15,2024-10-01,2024-12-31,0.95,220,90.0,92.0,2.3,Platform Direct,Q4_NORMAL,HIGH_COMPETITION,GENERAL,STABLE,0.2
AUTOMOTIVE,CTV_OTT,CTR,Click-Through Rate,0.22,0.38,0.62,0.95,Polk Automotive Q4 2024,Q4 2024,Medium,%,Yes,2025-01-15,2024-10-01,2024-12-31,0.95,190,0.35,0.41,0.09,Platform Direct,Q4_NORMAL,HIGH_COMPETITION,GENERAL,INCREASING,1.5
AUTOMOTIVE,CTV_OTT,Viewability,Viewability Rate,68.0,80.0,90.0,96.0,Polk Automotive Q4 2024,Q4 2024,High,%,Yes,2025-01-15,2024-10-01,2024-12-31,0.95,220,78.0,82.0,4.5,Platform Direct,Q4_NORMAL,HIGH_COMPETITION,GENERAL,STABLE,0.5
TRAVEL,PAID_SEARCH,CPM,Cost Per Mille,18.0,32.0,60.0,14.0,Phocuswright Travel Q4 2024,Q4 2024,High,$,Yes,2025-01-15,2024-10-01,2024-12-31,0.95,280,30.0,34.0,5.2,Platform Direct,Q4_NORMAL,SEASONAL_HIGH,GENERAL,INCREASING,5.0
TRAVEL,PAID_SEARCH,CPC,Cost Per Click,1.2,3.0,6.5,0.85,Phocuswright Travel Q4 2024,Q4 2024,High,$,Yes,2025-01-15,2024-10-01,2024-12-31,0.95,280,2.75,3.25,1.1,Platform Direct,Q4_NORMAL,SEASONAL_HIGH,GENERAL,STABLE,0.8
TRAVEL,PAID_SEARCH,CTR,Click-Through Rate,2.2,3.8,6.5,9.0,Phocuswright Travel Q4 2024,Q4 2024,High,%,Yes,2025-01-15,2024-10-01,2024-12-31,0.95,280,3.5,4.1,1.0,Platform Direct,Q4_NORMAL,SEASONAL_HIGH,GENERAL,INCREASING,2.0
TRAVEL,PAID_SEARCH,CVR,Conversion Rate,1.5,2.8,5.5,8.5,Phocuswright Travel Q4 2024,Q4 2024,Medium,%,Yes,2025-01-15,2024-10-01,2024-12-31,0.95,240,2.5,3.1,1.1,Platform Direct,Q4_NORMAL,SEASONAL_HIGH,GENERAL,STABLE,0.3
TRAVEL,PAID_SEARCH,CPA,Cost Per Acquisition,35.0,68.0,135.0,25.0,Phocuswright Travel Q4 2024,Q4 2024,Medium,$,Yes,2025-01-15,2024-10-01,2024-12-31,0.95,240,58.0,78.0,18.0,Platform Direct,Q4_NORMAL,SEASONAL_HIGH,GENERAL,INCREASING,3.5
TRAVEL,PAID_SEARCH,ROAS,Return on Ad Spend,5.0,9.0,18.0,27.0,Phocuswright Travel Q4 2024,Q4 2024,Medium,x,Yes,2025-01-15,2024-10-01,2024-12-31,0.95,180,8.0,10.0,3.0,Modeled,Q4_NORMAL,SEASONAL_HIGH,GENERAL,STABLE,0.5
TRAVEL,PAID_SOCIAL,CPM,Cost Per Mille,7.5,13.0,21.0,5.2,Phocuswright Travel Q4 2024,Q4 2024,High,$,Yes,2025-01-15,2024-10-01,2024-12-31,0.95,300,12.0,14.0,2.8,Platform Direct,Q4_NORMAL,SEASONAL_HIGH,GENERAL,INCREASING,4.5
TRAVEL,PAID_SOCIAL,CPC,Cost Per Click,0.55,1.25,2.15,0.35,Phocuswright Travel Q4 2024,Q4 2024,High,$,Yes,2025-01-15,2024-10-01,2024-12-31,0.95,300,1.15,1.35,0.32,Platform Direct,Q4_NORMAL,SEASONAL_HIGH,GENERAL,STABLE,0.5
TRAVEL,PAID_SOCIAL,CTR,Click-Through Rate,0.85,1.35,2.2,3.2,Phocuswright Travel Q4 2024,Q4 2024,High,%,Yes,2025-01-15,2024-10-01,2024-12-31,0.95,300,1.28,1.42,0.38,Platform Direct,Q4_NORMAL,SEASONAL_HIGH,GENERAL,STABLE,0.3
TRAVEL,PAID_SOCIAL,CVR,Conversion Rate,1.0,1.85,3.7,5.8,Phocuswright Travel Q4 2024,Q4 2024,Medium,%,Yes,2025-01-15,2024-10-01,2024-12-31,0.95,260,1.68,2.02,0.65,Platform Direct,Q4_NORMAL,SEASONAL_HIGH,GENERAL,STABLE,0.2
TRAVEL,PAID_SOCIAL,CPA,Cost Per Acquisition,28.0,55.0,110.0,18.0,Phocuswright Travel Q4 2024,Q4 2024,Medium,$,Yes,2025-01-15,2024-10-01,2024-12-31,0.95,260,48.0,62.0,14.0,Platform Direct,Q4_NORMAL,SEASONAL_HIGH,GENERAL,STABLE,0.5
TRAVEL,PAID_SOCIAL,ROAS,Return on Ad Spend,4.5,8.0,16.0,24.0,Phocuswright Travel Q4 2024,Q4 2024,Medium,x,Yes,2025-01-15,2024-10-01,2024-12-31,0.95,200,7.2,8.8,2.5,Modeled,Q4_NORMAL,SEASONAL_HIGH,GENERAL,STABLE,0.3
TRAVEL,PAID_SOCIAL,VTR,View-Through Rate,18.0,28.0,42.0,58.0,Phocuswright Travel Q4 2024,Q4 2024,High,%,Yes,2025-01-15,2024-10-01,2024-12-31,0.95,300,26.0,30.0,5.0,Platform Direct,Q4_NORMAL,SEASONAL_HIGH,GENERAL,INCREASING,3.0
TRAVEL,PROGRAMMATIC_DISPLAY,CPM,Cost Per Mille,2.2,5.2,10.5,1.6,Phocuswright Travel Q4 2024,Q4 2024,High,$,Yes,2025-01-15,2024-10-01,2024-12-31,0.95,280,4.8,5.6,1.6,Platform Direct,Q4_NORMAL,SEASONAL_HIGH,GENERAL,STABLE,1.0
TRAVEL,PROGRAMMATIC_DISPLAY,CPC,Cost Per Click,0.3,0.62,1.25,0.2,Phocuswright Travel Q4 2024,Q4 2024,High,$,Yes,2025-01-15,2024-10-01,2024-12-31,0.95,280,0.56,0.68,0.16,Platform Direct,Q4_NORMAL,SEASONAL_HIGH,GENERAL,STABLE,0.5
TRAVEL,PROGRAMMATIC_DISPLAY,CTR,Click-Through Rate,0.09,0.14,0.28,0.45,Phocuswright Travel Q4 2024,Q4 2024,High,%,Yes,2025-01-15,2024-10-01,2024-12-31,0.95,280,0.12,0.16,0.05,Platform Direct,Q4_NORMAL,SEASONAL_HIGH,GENERAL,STABLE,0.3
TRAVEL,PROGRAMMATIC_DISPLAY,CVR,Conversion Rate,0.5,0.95,1.9,3.2,Phocuswright Travel Q4 2024,Q4 2024,Medium,%,Yes,2025-01-15,2024-10-01,2024-12-31,0.95,240,0.86,1.04,0.36,Platform Direct,Q4_NORMAL,SEASONAL_HIGH,GENERAL,STABLE,0.2
TRAVEL,PROGRAMMATIC_DISPLAY,CPA,Cost Per Acquisition,42.0,82.0,165.0,28.0,Phocuswright Travel Q4 2024,Q4 2024,Medium,$,Yes,2025-01-15,2024-10-01,2024-12-31,0.95,240,72.0,92.0,22.0,Platform Direct,Q4_NORMAL,SEASONAL_HIGH,GENERAL,STABLE,0.5
TRAVEL,PROGRAMMATIC_DISPLAY,Viewability,Viewability Rate,54.0,66.0,79.0,89.0,Phocuswright Travel Q4 2024,Q4 2024,High,%,Yes,2025-01-15,2024-10-01,2024-12-31,0.95,280,64.0,68.0,5.0,Platform Direct,Q4_NORMAL,SEASONAL_HIGH,GENERAL,INCREASING,1.5
TRAVEL,CTV_OTT,CPM,Cost Per Mille,22.0,35.0,48.0,17.0,Phocuswright Travel Q4 2024,Q4 2024,High,$,Yes,2025-01-15,2024-10-01,2024-12-31,0.95,240,33.0,37.0,5.5,Platform Direct,Q4_NORMAL,SEASONAL_HIGH,GENERAL,DECREASING,-2.5
TRAVEL,CTV_OTT,CPCV,Cost Per Completed View,0.012,0.021,0.032,0.01,Phocuswright Travel Q4 2024,Q4 2024,High,$,Yes,2025-01-15,2024-10-01,2024-12-31,0.95,240,0.019,0.023,0.005,Platform Direct,Q4_NORMAL,SEASONAL_HIGH,GENERAL,STABLE,0.3
TRAVEL,CTV_OTT,VTR,View-Through Rate,86.0,93.0,97.0,99.0,Phocuswright Travel Q4 2024,Q4 2024,High,%,Yes,2025-01-15,2024-10-01,2024-12-31,0.95,240,92.0,94.0,2.2,Platform Direct,Q4_NORMAL,SEASONAL_HIGH,GENERAL,STABLE,0.2
TRAVEL,CTV_OTT,CTR,Click-Through Rate,0.32,0.52,0.82,1.25,Phocuswright Travel Q4 2024,Q4 2024,Medium,%,Yes,2025-01-15,2024-10-01,2024-12-31,0.95,200,0.48,0.56,0.11,Platform Direct,Q4_NORMAL,SEASONAL_HIGH,GENERAL,INCREASING,2.0
TRAVEL,CTV_OTT,Viewability,Viewability Rate,72.0,84.0,93.0,98.0,Phocuswright Travel Q4 2024,Q4 2024,High,%,Yes,2025-01-15,2024-10-01,2024-12-31,0.95,240,82.0,86.0,4.2,Platform Direct,Q4_NORMAL,SEASONAL_HIGH,GENERAL,STABLE,0.5
HOSPITALITY,PAID_SEARCH,CPM,Cost Per Mille,15.0,28.0,52.0,12.0,Smith Travel Research Q4 2024,Q4 2024,High,$,Yes,2025-01-15,2024-10-01,2024-12-31,0.95,240,26.0,30.0,4.5,Platform Direct,Q4_NORMAL,SEASONAL_HIGH,GENERAL,INCREASING,3.5
HOSPITALITY,PAID_SEARCH,CPC,Cost Per Click,0.9,2.2,4.8,0.6,Smith Travel Research Q4 2024,Q4 2024,High,$,Yes,2025-01-15,2024-10-01,2024-12-31,0.95,240,2.0,2.4,0.85,Platform Direct,Q4_NORMAL,SEASONAL_HIGH,GENERAL,STABLE,0.5
HOSPITALITY,PAID_SEARCH,CTR,Click-Through Rate,2.4,4.0,6.8,9.2,Smith Travel Research Q4 2024,Q4 2024,High,%,Yes,2025-01-15,2024-10-01,2024-12-31,0.95,240,3.7,4.3,1.1,Platform Direct,Q4_NORMAL,SEASONAL_HIGH,GENERAL,INCREASING,2.0
HOSPITALITY,PAID_SEARCH,CVR,Conversion Rate,2.0,3.8,7.5,11.5,Smith Travel Research Q4 2024,Q4 2024,Medium,%,Yes,2025-01-15,2024-10-01,2024-12-31,0.95,200,3.5,4.1,1.4,Platform Direct,Q4_NORMAL,SEASONAL_HIGH,GENERAL,STABLE,0.3
HOSPITALITY,PAID_SEARCH,CPA,Cost Per Acquisition,25.0,48.0,95.0,18.0,Smith Travel Research Q4 2024,Q4 2024,Medium,$,Yes,2025-01-15,2024-10-01,2024-12-31,0.95,200,42.0,54.0,12.0,Platform Direct,Q4_NORMAL,SEASONAL_HIGH,GENERAL,DECREASING,-1.5
HOSPITALITY,PAID_SEARCH,ROAS,Return on Ad Spend,4.5,8.0,16.0,24.0,Smith Travel Research Q4 2024,Q4 2024,Medium,x,Yes,2025-01-15,2024-10-01,2024-12-31,0.95,160,7.2,8.8,2.5,Modeled,Q4_NORMAL,SEASONAL_HIGH,GENERAL,STABLE,0.5
HOSPITALITY,PAID_SOCIAL,CPM,Cost Per Mille,7.0,12.0,19.0,5.0,Smith Travel Research Q4 2024,Q4 2024,High,$,Yes,2025-01-15,2024-10-01,2024-12-31,0.95,260,11.0,13.0,2.6,Platform Direct,Q4_NORMAL,SEASONAL_HIGH,GENERAL,INCREASING,4.0
HOSPITALITY,PAID_SOCIAL,CPC,Cost Per Click,0.5,1.15,1.95,0.32,Smith Travel Research Q4 2024,Q4 2024,High,$,Yes,2025-01-15,2024-10-01,2024-12-31,0.95,260,1.05,1.25,0.3,Platform Direct,Q4_NORMAL,SEASONAL_HIGH,GENERAL,STABLE,0.5
HOSPITALITY,PAID_SOCIAL,CTR,Click-Through Rate,0.9,1.45,2.35,3.4,Smith Travel Research Q4 2024,Q4 2024,High,%,Yes,2025-01-15,2024-10-01,2024-12-31,0.95,260,1.35,1.55,0.4,Platform Direct,Q4_NORMAL,SEASONAL_HIGH,GENERAL,STABLE,0.3
HOSPITALITY,PAID_SOCIAL,CVR,Conversion Rate,1.5,2.8,5.5,8.5,Smith Travel Research Q4 2024,Q4 2024,Medium,%,Yes,2025-01-15,2024-10-01,2024-12-31,0.95,220,2.55,3.05,0.9,Platform Direct,Q4_NORMAL,SEASONAL_HIGH,GENERAL,INCREASING,2.0
HOSPITALITY,PAID_SOCIAL,CPA,Cost Per Acquisition,20.0,38.0,78.0,14.0,Smith Travel Research Q4 2024,Q4 2024,Medium,$,Yes,2025-01-15,2024-10-01,2024-12-31,0.95,220,33.0,43.0,10.0,Platform Direct,Q4_NORMAL,SEASONAL_HIGH,GENERAL,STABLE,0.5
HOSPITALITY,PAID_SOCIAL,ROAS,Return on Ad Spend,4.0,7.0,14.0,21.0,Smith Travel Research Q4 2024,Q4 2024,Medium,x,Yes,2025-01-15,2024-10-01,2024-12-31,0.95,170,6.3,7.7,2.2,Modeled,Q4_NORMAL,SEASONAL_HIGH,GENERAL,STABLE,0.3
HOSPITALITY,PAID_SOCIAL,VTR,View-Through Rate,20.0,32.0,48.0,65.0,Smith Travel Research Q4 2024,Q4 2024,High,%,Yes,2025-01-15,2024-10-01,2024-12-31,0.95,260,30.0,34.0,5.5,Platform Direct,Q4_NORMAL,SEASONAL_HIGH,GENERAL,INCREASING,3.0
HOSPITALITY,PROGRAMMATIC_DISPLAY,CPM,Cost Per Mille,2.0,4.8,9.5,1.5,Smith Travel Research Q4 2024,Q4 2024,High,$,Yes,2025-01-15,2024-10-01,2024-12-31,0.95,250,4.4,5.2,1.5,Platform Direct,Q4_NORMAL,SEASONAL_HIGH,GENERAL,STABLE,0.8
HOSPITALITY,PROGRAMMATIC_DISPLAY,CPC,Cost Per Click,0.28,0.58,1.15,0.19,Smith Travel Research Q4 2024,Q4 2024,High,$,Yes,2025-01-15,2024-10-01,2024-12-31,0.95,250,0.52,0.64,0.15,Platform Direct,Q4_NORMAL,SEASONAL_HIGH,GENERAL,STABLE,0.5
HOSPITALITY,PROGRAMMATIC_DISPLAY,CTR,Click-Through Rate,0.1,0.15,0.3,0.48,Smith Travel Research Q4 2024,Q4 2024,High,%,Yes,2025-01-15,2024-10-01,2024-12-31,0.95,250,0.13,0.17,0.05,Platform Direct,Q4_NORMAL,SEASONAL_HIGH,GENERAL,STABLE,0.3
HOSPITALITY,PROGRAMMATIC_DISPLAY,CVR,Conversion Rate,0.6,1.15,2.3,3.8,Smith Travel Research Q4 2024,Q4 2024,Medium,%,Yes,2025-01-15,2024-10-01,2024-12-31,0.95,210,1.05,1.25,0.4,Platform Direct,Q4_NORMAL,SEASONAL_HIGH,GENERAL,STABLE,0.2
HOSPITALITY,PROGRAMMATIC_DISPLAY,CPA,Cost Per Acquisition,35.0,68.0,135.0,24.0,Smith Travel Research Q4 2024,Q4 2024,Medium,$,Yes,2025-01-15,2024-10-01,2024-12-31,0.95,210,59.0,77.0,18.0,Platform Direct,Q4_NORMAL,SEASONAL_HIGH,GENERAL,STABLE,0.5
EDUCATION,PAID_SEARCH,CPM,Cost Per Mille,22.0,40.0,75.0,17.0,NAICU Education Q4 2024,Q4 2024,High,$,Yes,2025-01-15,2024-10-01,2024-12-31,0.95,200,37.0,43.0,6.5,Platform Direct,Q4_NORMAL,CYCLICAL,GENERAL,INCREASING,2.5
EDUCATION,PAID_SEARCH,CPC,Cost Per Click,1.8,4.0,8.5,1.3,NAICU Education Q4 2024,Q4 2024,High,$,Yes,2025-01-15,2024-10-01,2024-12-31,0.95,200,3.7,4.3,1.4,Platform Direct,Q4_NORMAL,CYCLICAL,GENERAL,STABLE,0.5
EDUCATION,PAID_SEARCH,CTR,Click-Through Rate,1.6,2.8,4.8,6.8,NAICU Education Q4 2024,Q4 2024,High,%,Yes,2025-01-15,2024-10-01,2024-12-31,0.95,200,2.6,3.0,0.8,Platform Direct,Q4_NORMAL,CYCLICAL,GENERAL,STABLE,0.3
EDUCATION,PAID_SEARCH,CVR,Conversion Rate,3.5,6.0,11.0,16.5,NAICU Education Q4 2024,Q4 2024,Medium,%,Yes,2025-01-15,2024-10-01,2024-12-31,0.95,170,5.5,6.5,1.8,Platform Direct,Q4_NORMAL,CYCLICAL,GENERAL,STABLE,0.2
EDUCATION,PAID_SEARCH,CPA,Cost Per Acquisition,32.0,62.0,125.0,22.0,NAICU Education Q4 2024,Q4 2024,Medium,$,Yes,2025-01-15,2024-10-01,2024-12-31,0.95,170,54.0,70.0,16.0,Platform Direct,Q4_NORMAL,CYCLICAL,GENERAL,INCREASING,2.0
EDUCATION,PAID_SEARCH,ROAS,Return on Ad Spend,8.0,15.0,30.0,45.0,NAICU Education Q4 2024,Q4 2024,Low,x,Yes,2025-01-15,2024-10-01,2024-12-31,0.95,120,13.5,16.5,5.0,Modeled,Q4_NORMAL,CYCLICAL,GENERAL,STABLE,0.5
EDUCATION,PAID_SOCIAL,CPM,Cost Per Mille,6.5,11.5,18.5,4.5,NAICU Education Q4 2024,Q4 2024,High,$,Yes,2025-01-15,2024-10-01,2024-12-31,0.95,220,10.5,12.5,2.5,Platform Direct,Q4_NORMAL,CYCLICAL,GENERAL,INCREASING,3.5
EDUCATION,PAID_SOCIAL,CPC,Cost Per Click,0.5,1.1,1.85,0.32,NAICU Education Q4 2024,Q4 2024,High,$,Yes,2025-01-15,2024-10-01,2024-12-31,0.95,220,1.0,1.2,0.28,Platform Direct,Q4_NORMAL,CYCLICAL,GENERAL,STABLE,0.5
EDUCATION,PAID_SOCIAL,CTR,Click-Through Rate,0.85,1.35,2.2,3.2,NAICU Education Q4 2024,Q4 2024,High,%,Yes,2025-01-15,2024-10-01,2024-12-31,0.95,220,1.25,1.45,0.36,Platform Direct,Q4_NORMAL,CYCLICAL,GENERAL,STABLE,0.3
EDUCATION,PAID_SOCIAL,CVR,Conversion Rate,4.0,7.0,13.0,20.0,NAICU Education Q4 2024,Q4 2024,Medium,%,Yes,2025-01-15,2024-10-01,2024-12-31,0.95,190,6.4,7.6,2.0,Platform Direct,Q4_NORMAL,CYCLICAL,GENERAL,INCREASING,2.5
EDUCATION,PAID_SOCIAL,CPA,Cost Per Acquisition,15.0,28.0,58.0,10.0,NAICU Education Q4 2024,Q4 2024,Medium,$,Yes,2025-01-15,2024-10-01,2024-12-31,0.95,190,24.0,32.0,8.0,Platform Direct,Q4_NORMAL,CYCLICAL,GENERAL,STABLE,0.5
EDUCATION,PAID_SOCIAL,ROAS,Return on Ad Spend,10.0,18.0,36.0,54.0,NAICU Education Q4 2024,Q4 2024,Low,x,Yes,2025-01-15,2024-10-01,2024-12-31,0.95,130,16.2,19.8,5.5,Modeled,Q4_NORMAL,CYCLICAL,GENERAL,STABLE,0.3
EDUCATION,PAID_SOCIAL,VTR,View-Through Rate,18.0,28.0,42.0,58.0,NAICU Education Q4 2024,Q4 2024,High,%,Yes,2025-01-15,2024-10-01,2024-12-31,0.95,220,26.0,30.0,5.0,Platform Direct,Q4_NORMAL,CYCLICAL,GENERAL,INCREASING,2.5
EDUCATION,PROGRAMMATIC_DISPLAY,CPM,Cost Per Mille,2.2,5.2,10.5,1.6,NAICU Education Q4 2024,Q4 2024,High,$,Yes,2025-01-15,2024-10-01,2024-12-31,0.95,200,4.8,5.6,1.6,Platform Direct,Q4_NORMAL,CYCLICAL,GENERAL,STABLE,0.8
EDUCATION,PROGRAMMATIC_DISPLAY,CPC,Cost Per Click,0.3,0.62,1.25,0.2,NAICU Education Q4 2024,Q4 2024,High,$,Yes,2025-01-15,2024-10-01,2024-12-31,0.95,200,0.56,0.68,0.16,Platform Direct,Q4_NORMAL,CYCLICAL,GENERAL,STABLE,0.5
EDUCATION,PROGRAMMATIC_DISPLAY,CTR,Click-Through Rate,0.08,0.13,0.26,0.42,NAICU Education Q4 2024,Q4 2024,High,%,Yes,2025-01-15,2024-10-01,2024-12-31,0.95,200,0.11,0.15,0.05,Platform Direct,Q4_NORMAL,CYCLICAL,GENERAL,STABLE,0.3
EDUCATION,PROGRAMMATIC_DISPLAY,CVR,Conversion Rate,0.7,1.3,2.6,4.2,NAICU Education Q4 2024,Q4 2024,Medium,%,Yes,2025-01-15,2024-10-01,2024-12-31,0.95,170,1.18,1.42,0.42,Platform Direct,Q4_NORMAL,CYCLICAL,GENERAL,STABLE,0.2
EDUCATION,PROGRAMMATIC_DISPLAY,CPA,Cost Per Acquisition,38.0,72.0,145.0,26.0,NAICU Education Q4 2024,Q4 2024,Medium,$,Yes,2025-01-15,2024-10-01,2024-12-31,0.95,170,63.0,81.0,19.0,Platform Direct,Q4_NORMAL,CYCLICAL,GENERAL,STABLE,0.5
EDUCATION,CTV_OTT,CPM,Cost Per Mille,20.0,32.0,45.0,15.0,NAICU Education Q4 2024,Q4 2024,High,$,Yes,2025-01-15,2024-10-01,2024-12-31,0.95,180,30.0,34.0,5.0,Platform Direct,Q4_NORMAL,CYCLICAL,GENERAL,DECREASING,-2.0
EDUCATION,CTV_OTT,CPCV,Cost Per Completed View,0.011,0.019,0.03,0.009,NAICU Education Q4 2024,Q4 2024,High,$,Yes,2025-01-15,2024-10-01,2024-12-31,0.95,180,0.017,0.021,0.004,Platform Direct,Q4_NORMAL,CYCLICAL,GENERAL,STABLE,0.3
EDUCATION,CTV_OTT,VTR,View-Through Rate,86.0,93.0,97.0,99.0,NAICU Education Q4 2024,Q4 2024,High,%,Yes,2025-01-15,2024-10-01,2024-12-31,0.95,180,92.0,94.0,2.2,Platform Direct,Q4_NORMAL,CYCLICAL,GENERAL,STABLE,0.2
EDUCATION,CTV_OTT,CTR,Click-Through Rate,0.3,0.5,0.78,1.2,NAICU Education Q4 2024,Q4 2024,Medium,%,Yes,2025-01-15,2024-10-01,2024-12-31,0.95,150,0.46,0.54,0.11,Platform Direct,Q4_NORMAL,CYCLICAL,GENERAL,INCREASING,1.8
B2B_PROFESSIONAL,PAID_SEARCH,CPM,Cost Per Mille,35.0,62.0,115.0,28.0,LinkedIn B2B Report Q4 2024,Q4 2024,High,$,Yes,2025-01-15,2024-10-01,2024-12-31,0.95,220,58.0,66.0,9.0,Platform Direct,Q4_NORMAL,HIGH_COMPETITION,B2B,INCREASING,3.5
B2B_PROFESSIONAL,PAID_SEARCH,CPC,Cost Per Click,3.5,7.5,15.0,2.5,LinkedIn B2B Report Q4 2024,Q4 2024,High,$,Yes,2025-01-15,2024-10-01,2024-12-31,0.95,220,7.0,8.0,2.2,Platform Direct,Q4_NORMAL,HIGH_COMPETITION,B2B,STABLE,0.8
B2B_PROFESSIONAL,PAID_SEARCH,CTR,Click-Through Rate,1.5,2.6,4.5,6.2,LinkedIn B2B Report Q4 2024,Q4 2024,High,%,Yes,2025-01-15,2024-10-01,2024-12-31,0.95,220,2.4,2.8,0.75,Platform Direct,Q4_NORMAL,HIGH_COMPETITION,B2B,STABLE,0.3
B2B_PROFESSIONAL,PAID_SEARCH,CVR,Conversion Rate,2.5,4.5,8.5,13.0,LinkedIn B2B Report Q4 2024,Q4 2024,Medium,%,Yes,2025-01-15,2024-10-01,2024-12-31,0.95,180,4.1,4.9,1.5,Platform Direct,Q4_NORMAL,HIGH_COMPETITION,B2B,STABLE,0.2
B2B_PROFESSIONAL,PAID_SEARCH,CPA,Cost Per Acquisition,65.0,125.0,250.0,45.0,LinkedIn B2B Report Q4 2024,Q4 2024,Medium,$,Yes,2025-01-15,2024-10-01,2024-12-31,0.95,180,110.0,140.0,32.0,Platform Direct,Q4_NORMAL,HIGH_COMPETITION,B2B,INCREASING,2.5
B2B_PROFESSIONAL,PAID_SEARCH,ROAS,Return on Ad Spend,3.0,5.5,11.0,16.5,LinkedIn B2B Report Q4 2024,Q4 2024,Low,x,Yes,2025-01-15,2024-10-01,2024-12-31,0.95,130,4.9,6.1,2.0,Modeled,Q4_NORMAL,HIGH_COMPETITION,B2B,STABLE,0.5
B2B_PROFESSIONAL,PAID_SOCIAL,CPM,Cost Per Mille,12.0,22.0,35.0,8.5,LinkedIn B2B Report Q4 2024,Q4 2024,High,$,Yes,2025-01-15,2024-10-01,2024-12-31,0.95,240,20.5,23.5,4.5,Platform Direct,Q4_NORMAL,HIGH_COMPETITION,B2B,INCREASING,5.0
B2B_PROFESSIONAL,PAID_SOCIAL,CPC,Cost Per Click,2.5,5.5,9.5,1.8,LinkedIn B2B Report Q4 2024,Q4 2024,High,$,Yes,2025-01-15,2024-10-01,2024-12-31,0.95,240,5.1,5.9,1.4,Platform Direct,Q4_NORMAL,HIGH_COMPETITION,B2B,STABLE,0.5
B2B_PROFESSIONAL,PAID_SOCIAL,CTR,Click-Through Rate,0.4,0.7,1.15,1.75,LinkedIn B2B Report Q4 2024,Q4 2024,High,%,Yes,2025-01-15,2024-10-01,2024-12-31,0.95,240,0.65,0.75,0.2,Platform Direct,Q4_NORMAL,HIGH_COMPETITION,B2B,STABLE,0.3
B2B_PROFESSIONAL,PAID_SOCIAL,CVR,Conversion Rate,2.0,3.8,7.5,11.5,LinkedIn B2B Report Q4 2024,Q4 2024,Medium,%,Yes,2025-01-15,2024-10-01,2024-12-31,0.95,200,3.5,4.1,1.2,Platform Direct,Q4_NORMAL,HIGH_COMPETITION,B2B,INCREASING,2.5
B2B_PROFESSIONAL,PAID_SOCIAL,CPA,Cost Per Acquisition,55.0,105.0,210.0,38.0,LinkedIn B2B Report Q4 2024,Q4 2024,Medium,$,Yes,2025-01-15,2024-10-01,2024-12-31,0.95,200,92.0,118.0,28.0,Platform Direct,Q4_NORMAL,HIGH_COMPETITION,B2B,STABLE,0.5
B2B_PROFESSIONAL,PAID_SOCIAL,ROAS,Return on Ad Spend,2.5,4.5,9.0,13.5,LinkedIn B2B Report Q4 2024,Q4 2024,Low,x,Yes,2025-01-15,2024-10-01,2024-12-31,0.95,140,4.0,5.0,1.6,Modeled,Q4_NORMAL,HIGH_COMPETITION,B2B,STABLE,0.3
B2B_PROFESSIONAL,PAID_SOCIAL,VTR,View-Through Rate,12.0,20.0,32.0,45.0,LinkedIn B2B Report Q4 2024,Q4 2024,High,%,Yes,2025-01-15,2024-10-01,2024-12-31,0.95,240,18.5,21.5,4.5,Platform Direct,Q4_NORMAL,HIGH_COMPETITION,B2B,INCREASING,2.0
B2B_PROFESSIONAL,PROGRAMMATIC_DISPLAY,CPM,Cost Per Mille,4.5,9.5,18.0,3.2,LinkedIn B2B Report Q4 2024,Q4 2024,High,$,Yes,2025-01-15,2024-10-01,2024-12-31,0.95,210,8.8,10.2,2.5,Platform Direct,Q4_NORMAL,HIGH_COMPETITION,B2B,STABLE,1.2
B2B_PROFESSIONAL,PROGRAMMATIC_DISPLAY,CPC,Cost Per Click,0.65,1.3,2.6,0.45,LinkedIn B2B Report Q4 2024,Q4 2024,High,$,Yes,2025-01-15,2024-10-01,2024-12-31,0.95,210,1.2,1.4,0.32,Platform Direct,Q4_NORMAL,HIGH_COMPETITION,B2B,STABLE,0.5
B2B_PROFESSIONAL,PROGRAMMATIC_DISPLAY,CTR,Click-Through Rate,0.05,0.08,0.16,0.28,LinkedIn B2B Report Q4 2024,Q4 2024,High,%,Yes,2025-01-15,2024-10-01,2024-12-31,0.95,210,0.07,0.09,0.03,Platform Direct,Q4_NORMAL,HIGH_COMPETITION,B2B,STABLE,0.3
B2B_PROFESSIONAL,PROGRAMMATIC_DISPLAY,CVR,Conversion Rate,0.35,0.68,1.35,2.3,LinkedIn B2B Report Q4 2024,Q4 2024,Medium,%,Yes,2025-01-15,2024-10-01,2024-12-31,0.95,180,0.61,0.75,0.26,Platform Direct,Q4_NORMAL,HIGH_COMPETITION,B2B,STABLE,0.2
B2B_PROFESSIONAL,PROGRAMMATIC_DISPLAY,CPA,Cost Per Acquisition,95.0,180.0,360.0,65.0,LinkedIn B2B Report Q4 2024,Q4 2024,Medium,$,Yes,2025-01-15,2024-10-01,2024-12-31,0.95,180,158.0,202.0,45.0,Platform Direct,Q4_NORMAL,HIGH_COMPETITION,B2B,STABLE,0.5
B2B_PROFESSIONAL,CTV_OTT,CPM,Cost Per Mille,32.0,48.0,65.0,25.0,LinkedIn B2B Report Q4 2024,Q4 2024,High,$,Yes,2025-01-15,2024-10-01,2024-12-31,0.95,180,45.0,51.0,7.0,Platform Direct,Q4_NORMAL,HIGH_COMPETITION,B2B,DECREASING,-1.5
B2B_PROFESSIONAL,CTV_OTT,CPCV,Cost Per Completed View,0.018,0.028,0.042,0.014,LinkedIn B2B Report Q4 2024,Q4 2024,High,$,Yes,2025-01-15,2024-10-01,2024-12-31,0.95,180,0.026,0.030,0.006,Platform Direct,Q4_NORMAL,HIGH_COMPETITION,B2B,STABLE,0.3
B2B_PROFESSIONAL,CTV_OTT,VTR,View-Through Rate,82.0,90.0,95.0,98.0,LinkedIn B2B Report Q4 2024,Q4 2024,High,%,Yes,2025-01-15,2024-10-01,2024-12-31,0.95,180,89.0,91.0,2.5,Platform Direct,Q4_NORMAL,HIGH_COMPETITION,B2B,STABLE,0.2
